Channel,Program Title,Season,Episode,Episode Title,Episode Details,Video Length,Release Date,View Count,Genre
Sports,Galactic Battle,,,Galactic Battle,Exciting,31,2023-11-15 13:02:12,3110,Anime
Pets,Mystery of the Lost City,,,Mystery of the Lost City,Exciting,47,2023-11-16 09:36:41,3819,Anime
News,Science Explorers,,,Science Explorers,Dramatic,109,2023-11-14 18:08:58,6630,Documentary
Anime,Animal Friends,4,10,Animal Friends Ep. 10,Exciting,75,2023-11-13 22:43:05,3614,Pets
Pets,Galactic Battle,4,2,Galactic Battle Ep. 2,Dramatic,38,2023-11-13 06:10:41,3492,Anime
Movie,The Secret Agent,,,The Secret Agent,Hilarious,37,2023-11-12 23:54:57,6037,Movie
Anime,History Unveiled,1,16,History Unveiled Ep. 16,Suspenseful,120,2023-11-11 12:41:48,4591,Documentary
News,Love in the City,3,7,Love in the City Ep. 7,Romantic,61,2023-11-16 04:51:58,3792,Movie
Pets,Cute Pets on Parade,3,20,Cute Pets on Parade Ep. 20,Dramatic,111,2023-11-16 06:54:57,6763,Pets
Anime,Olympic Heroes,,,Olympic Heroes,Hilarious,60,2023-11-15 21:59:59,8599,Sports
Documentary,Cute Pets on Parade,3,11,Cute Pets on Parade Ep. 11,Exciting,90,2023-11-12 00:56:45,5812,Pets
Documentary,The Secret Agent,5,1,The Secret Agent Ep. 1,Dramatic,107,2023-11-15 15:25:51,2961,Movie
Pets,Life's Twists,,,Life's Twists,Suspenseful,90,2023-11-16 15:09:36,8237,Drama
Anime,Football Highlights,3,17,Football Highlights Ep. 17,Suspenseful,25,2023-11-11 09:34:07,2872,Sports
Sports,Life's Twists,,,Life's Twists,Dramatic,90,2023-11-11 09:34:36,7156,Drama
Documentary,Health Today,,,Health Today,Dramatic,20,2023-11-13 23:53:03,7348,News
Movie,Wonders of Nature,5,15,Wonders of Nature Ep. 15,Dramatic,92,2023-11-16 10:16:35,8938,Documentary
Pets,Science Explorers,,,Science Explorers,Hilarious,108,2023-11-16 05:20:44,948,Documentary
Anime,Football Highlights,3,19,Football Highlights Ep. 19,Dramatic,31,2023-11-14 17:05:21,5037,Sports
Pets,Wildlife Encounters,,,Wildlife Encounters,Romantic,119,2023-11-12 12:49:37,8496,Pets
Documentary,Tech Update,,,Tech Update,Suspenseful,87,2023-11-14 10:47:59,6266,News
News,History Unveiled,,,History Unveiled,Dramatic,52,2023-11-15 19:18:22,648,Documentary
Documentary,Mystery of the Lost City,4,14,Mystery of the Lost City Ep. 14,Dramatic,25,2023-11-13 16:49:21,7027,Anime
Pets,Love in the City,4,11,Love in the City Ep. 11,Hilarious,44,2023-11-15 23:59:55,3571,Movie
News,The Great Escape,,,The Great Escape,Hilarious,69,2023-11-11 22:39:56,2315,Movie
Anime,Football Highlights,5,16,Football Highlights Ep. 16,Hilarious,42,2023-11-16 10:21:48,3017,Sports
Drama,Science Explorers,3,10,Science Explorers Ep. 10,Hilarious,75,2023-11-12 05:48:18,777,Documentary
Pets,Science Explorers,2,4,Science Explorers Ep. 4,Exciting,83,2023-11-14 04:58:09,6540,Documentary
Drama,Mystery of the Lost City,1,11,Mystery of the Lost City Ep. 11,Romantic,52,2023-11-11 04:19:56,2785,Anime
Sports,Love in the City,,,Love in the City,Romantic,75,2023-11-16 06:17:38,8782,Movie
News,Corporate Games,3,9,Corporate Games Ep. 9,Romantic,27,2023-11-14 07:14:29,2387,Drama
Sports,Science Explorers,,,Science Explorers,Exciting,90,2023-11-14 06:00:02,6281,Documentary
Pets,History Unveiled,4,8,History Unveiled Ep. 8,Exciting,32,2023-11-13 01:40:39,630,Documentary
Sports,Basketball Stars,2,15,Basketball Stars Ep. 15,Suspenseful,67,2023-11-13 01:30:16,7820,Sports
Anime,Animal Friends,,,Animal Friends,Hilarious,69,2023-11-11 14:35:28,8380,Pets
Sports,Galactic Battle,,,Galactic Battle,Dramatic,93,2023-11-13 21:13:01,2186,Anime
Movie,The Secret Agent,1,9,The Secret Agent Ep. 9,Dramatic,108,2023-11-15 01:39:37,6372,Movie
Documentary,The Secret Agent,2,6,The Secret Agent Ep. 6,Hilarious,74,2023-11-13 20:51:48,4759,Movie
Documentary,Olympic Heroes,3,6,Olympic Heroes Ep. 6,Suspenseful,86,2023-11-15 08:29:41,2848,Sports
Anime,Galactic Battle,4,4,Galactic Battle Ep. 4,Dramatic,40,2023-11-13 15:23:09,9331,Anime
Sports,Football Highlights,3,16,Football Highlights Ep. 16,Hilarious,93,2023-11-12 23:19:12,6089,Sports
Sports,Animal Friends,5,7,Animal Friends Ep. 7,Romantic,42,2023-11-12 07:53:58,8384,Pets
News,Ninja Adventures,,,Ninja Adventures,Suspenseful,53,2023-11-12 05:35:31,379,Anime
Anime,Animal Friends,5,9,Animal Friends Ep. 9,Romantic,82,2023-11-14 02:34:43,9211,Pets
Sports,Animal Friends,1,7,Animal Friends Ep. 7,Romantic,94,2023-11-13 02:27:27,4621,Pets
News,Basketball Stars,2,9,Basketball Stars Ep. 9,Suspenseful,68,2023-11-12 14:41:24,5681,Sports
Anime,Cute Pets on Parade,,,Cute Pets on Parade,Dramatic,99,2023-11-15 08:32:29,6817,Pets
News,Science Explorers,2,6,Science Explorers Ep. 6,Suspenseful,43,2023-11-11 16:11:03,7276,Documentary
Pets,Love in the City,5,8,Love in the City Ep. 8,Exciting,115,2023-11-10 20:03:44,4062,Movie
Documentary,The Great Escape,1,13,The Great Escape Ep. 13,Exciting,117,2023-11-15 04:09:19,9460,Movie
Pets,Olympic Heroes,,,Olympic Heroes,Suspenseful,27,2023-11-13 18:20:48,8775,Sports
Anime,Science Explorers,,,Science Explorers,Exciting,53,2023-11-14 20:08:07,7372,Documentary
News,Basketball Stars,2,15,Basketball Stars Ep. 15,Exciting,49,2023-11-16 07:59:04,488,Sports
Sports,Olympic Heroes,2,1,Olympic Heroes Ep. 1,Hilarious,120,2023-11-15 09:35:38,1330,Sports
Documentary,Olympic Heroes,,,Olympic Heroes,Suspenseful,82,2023-11-16 14:23:43,9014,Sports
Movie,Health Today,5,8,Health Today Ep. 8,Hilarious,41,2023-11-14 17:39:04,7442,News
Documentary,The Secret Agent,5,20,The Secret Agent Ep. 20,Romantic,65,2023-11-11 20:37:40,8928,Movie
Pets,Tech Update,4,4,Tech Update Ep. 4,Romantic,118,2023-11-14 21:36:21,1316,News
Anime,The Secret Agent,2,17,The Secret Agent Ep. 17,Hilarious,68,2023-11-15 03:42:33,7796,Movie
Anime,History Unveiled,,,History Unveiled,Suspenseful,109,2023-11-13 19:18:02,3096,Documentary
Movie,History Unveiled,,,History Unveiled,Romantic,74,2023-11-11 10:15:27,3677,Documentary
Documentary,Mystery of the Lost City,2,12,Mystery of the Lost City Ep. 12,Hilarious,81,2023-11-11 16:34:25,8413,Anime
Pets,Cute Pets on Parade,4,20,Cute Pets on Parade Ep. 20,Dramatic,46,2023-11-16 08:50:41,2199,Pets
Documentary,Life's Twists,,,Life's Twists,Hilarious,87,2023-11-15 08:05:15,6031,Drama
Pets,Life's Twists,,,Life's Twists,Exciting,34,2023-11-14 21:12:02,7582,Drama
Pets,Mystery of the Lost City,4,4,Mystery of the Lost City Ep. 4,Suspenseful,78,2023-11-13 00:41:30,4706,Anime
Pets,Cute Pets on Parade,,,Cute Pets on Parade,Hilarious,118,2023-11-14 19:24:03,3340,Pets
Documentary,Corporate Games,,,Corporate Games,Romantic,69,2023-11-11 00:25:29,9436,Drama
Drama,Olympic Heroes,,,Olympic Heroes,Romantic,88,2023-11-16 03:42:37,5561,Sports
Movie,Football Highlights,,,Football Highlights,Romantic,108,2023-11-11 15:10:16,2075,Sports
News,Olympic Heroes,,,Olympic Heroes,Hilarious,44,2023-11-15 22:09:44,7850,Sports
Pets,Life's Twists,,,Life's Twists,Romantic,71,2023-11-14 03:15:56,5159,Drama
News,Olympic Heroes,3,7,Olympic Heroes Ep. 7,Romantic,43,2023-11-11 16:54:03,2746,Sports
News,Wonders of Nature,,,Wonders of Nature,Dramatic,22,2023-11-16 16:55:04,5306,Documentary
Movie,History Unveiled,2,5,History Unveiled Ep. 5,Hilarious,32,2023-11-12 23:30:37,1337,Documentary
Drama,Daily World News,,,Daily World News,Suspenseful,77,2023-11-14 18:08:35,4732,News
Pets,Wildlife Encounters,2,18,Wildlife Encounters Ep. 18,Hilarious,85,2023-11-12 18:11:38,6365,Pets
Drama,The Great Escape,2,4,The Great Escape Ep. 4,Romantic,80,2023-11-15 05:18:06,6611,Movie
Drama,Galactic Battle,,,Galactic Battle,Hilarious,63,2023-11-14 21:40:06,1462,Anime
Pets,Galactic Battle,2,18,Galactic Battle Ep. 18,Dramatic,92,2023-11-15 04:49:24,7732,Anime
Pets,Cute Pets on Parade,,,Cute Pets on Parade,Romantic,113,2023-11-15 14:31:30,3726,Pets
Movie,Basketball Stars,,,Basketball Stars,Suspenseful,89,2023-11-14 02:39:40,2927,Sports
Documentary,Cute Pets on Parade,,,Cute Pets on Parade,Suspenseful,55,2023-11-13 09:08:59,9096,Pets
Anime,Ninja Adventures,,,Ninja Adventures,Dramatic,87,2023-11-16 09:54:00,6634,Anime
Sports,History Unveiled,5,15,History Unveiled Ep. 15,Hilarious,53,2023-11-14 07:30:02,9326,Documentary
Movie,The Great Escape,3,9,The Great Escape Ep. 9,Exciting,39,2023-11-10 22:46:55,3248,Movie
Documentary,Love in the City,,,Love in the City,Suspenseful,56,2023-11-16 02:11:29,5152,Movie
Movie,Corporate Games,2,8,Corporate Games Ep. 8,Suspenseful,61,2023-11-16 01:57:44,6070,Drama
Movie,Love in the City,,,Love in the City,Hilarious,39,2023-11-11 15:56:29,6729,Movie
News,Science Explorers,3,3,Science Explorers Ep. 3,Dramatic,93,2023-11-14 06:33:21,6665,Documentary
Pets,Love in the City,5,7,Love in the City Ep. 7,Romantic,106,2023-11-14 01:29:56,1516,Movie
Sports,Ninja Adventures,2,17,Ninja Adventures Ep. 17,Exciting,73,2023-11-11 03:11:42,4588,Anime
Pets,Cute Pets on Parade,3,6,Cute Pets on Parade Ep. 6,Suspenseful,59,2023-11-13 20:35:40,3254,Pets
Sports,Love in the City,,,Love in the City,Hilarious,100,2023-11-12 14:53:11,9418,Movie
Sports,Life's Twists,1,2,Life's Twists Ep. 2,Hilarious,81,2023-11-14 08:35:21,6441,Drama
Documentary,Mystery of the Lost City,2,19,Mystery of the Lost City Ep. 19,Exciting,36,2023-11-14 05:10:44,2643,Anime
Sports,Tech Update,4,11,Tech Update Ep. 11,Suspenseful,47,2023-11-11 15:13:50,5167,News
Anime,Olympic Heroes,1,5,Olympic Heroes Ep. 5,Romantic,26,2023-11-12 07:27:11,5285,Sports
Documentary,Corporate Games,,,Corporate Games,Hilarious,26,2023-11-12 04:27:46,5054,Drama
News,Tech Update,2,4,Tech Update Ep. 4,Exciting,24,2023-11-11 02:09:33,2799,News
Drama,Mystery of the Lost City,5,19,Mystery of the Lost City Ep. 19,Romantic,20,2023-11-16 08:35:44,8805,Anime
Drama,Olympic Heroes,4,11,Olympic Heroes Ep. 11,Dramatic,77,2023-11-13 20:32:35,4515,Sports
News,Family Bonds,,,Family Bonds,Suspenseful,48,2023-11-12 21:32:52,5756,Drama
Drama,Daily World News,,,Daily World News,Romantic,28,2023-11-16 10:44:21,7690,News
News,Football Highlights,2,11,Football Highlights Ep. 11,Hilarious,75,2023-11-16 13:26:51,4332,Sports
Anime,Galactic Battle,5,10,Galactic Battle Ep. 10,Romantic,66,2023-11-12 15:37:13,9101,Anime
Pets,Tech Update,,,Tech Update,Dramatic,26,2023-11-11 06:37:26,3250,News
News,Family Bonds,3,4,Family Bonds Ep. 4,Romantic,86,2023-11-16 17:14:38,5654,Drama
Anime,The Great Escape,3,20,The Great Escape Ep. 20,Romantic,117,2023-11-14 12:55:37,7564,Movie
News,Daily World News,,,Daily World News,Dramatic,38,2023-11-13 07:21:44,1073,News
Sports,Galactic Battle,5,17,Galactic Battle Ep. 17,Suspenseful,99,2023-11-11 01:27:32,8054,Anime
Sports,Olympic Heroes,,,Olympic Heroes,Hilarious,80,2023-11-12 01:28:03,7950,Sports
Movie,Tech Update,,,Tech Update,Romantic,48,2023-11-12 09:45:32,2992,News
Drama,Science Explorers,,,Science Explorers,Exciting,102,2023-11-12 17:21:43,1199,Documentary
Documentary,Galactic Battle,2,14,Galactic Battle Ep. 14,Dramatic,37,2023-11-13 23:16:03,2849,Anime
News,Olympic Heroes,2,4,Olympic Heroes Ep. 4,Dramatic,104,2023-11-13 10:57:27,2996,Sports
Anime,Life's Twists,5,14,Life's Twists Ep. 14,Exciting,98,2023-11-14 00:32:53,1959,Drama
Pets,History Unveiled,,,History Unveiled,Dramatic,70,2023-11-13 21:19:58,8722,Documentary
Documentary,Cute Pets on Parade,3,8,Cute Pets on Parade Ep. 8,Dramatic,75,2023-11-16 00:50:55,8836,Pets
News,Basketball Stars,,,Basketball Stars,Hilarious,68,2023-11-11 15:49:28,7669,Sports
Sports,Ninja Adventures,,,Ninja Adventures,Exciting,106,2023-11-11 23:15:12,9214,Anime
Drama,Wildlife Encounters,,,Wildlife Encounters,Suspenseful,26,2023-11-16 05:30:01,7631,Pets
Drama,Health Today,,,Health Today,Romantic,88,2023-11-11 05:11:56,2028,News
News,Science Explorers,5,9,Science Explorers Ep. 9,Suspenseful,77,2023-11-13 03:54:53,4922,Documentary
News,Mystery of the Lost City,3,5,Mystery of the Lost City Ep. 5,Hilarious,104,2023-11-16 08:48:04,5548,Anime
Drama,Basketball Stars,,,Basketball Stars,Suspenseful,65,2023-11-13 11:42:02,5710,Sports
News,Mystery of the Lost City,,,Mystery of the Lost City,Dramatic,58,2023-11-14 16:22:38,392,Anime
News,Wonders of Nature,1,19,Wonders of Nature Ep. 19,Suspenseful,110,2023-11-16 15:39:45,5400,Documentary
Anime,Wildlife Encounters,2,3,Wildlife Encounters Ep. 3,Suspenseful,86,2023-11-11 20:04:07,6274,Pets
Documentary,The Secret Agent,4,18,The Secret Agent Ep. 18,Romantic,41,2023-11-14 10:22:14,4037,Movie
Drama,Wonders of Nature,3,19,Wonders of Nature Ep. 19,Dramatic,88,2023-11-12 21:33:03,8995,Documentary
Drama,History Unveiled,,,History Unveiled,Dramatic,38,2023-11-12 17:29:17,1271,Documentary
Anime,History Unveiled,5,13,History Unveiled Ep. 13,Romantic,103,2023-11-11 05:51:26,6243,Documentary
Anime,The Secret Agent,5,2,The Secret Agent Ep. 2,Romantic,96,2023-11-15 20:26:06,6484,Movie
Documentary,Olympic Heroes,2,6,Olympic Heroes Ep. 6,Exciting,33,2023-11-16 08:18:51,2061,Sports
Documentary,Corporate Games,3,1,Corporate Games Ep. 1,Dramatic,30,2023-11-15 14:16:00,3110,Drama
Documentary,Football Highlights,,,Football Highlights,Exciting,98,2023-11-12 04:13:10,9545,Sports
Pets,Science Explorers,1,12,Science Explorers Ep. 12,Hilarious,100,2023-11-15 08:54:58,5776,Documentary
Movie,Science Explorers,2,6,Science Explorers Ep. 6,Romantic,84,2023-11-10 17:30:25,4591,Documentary
Movie,Wonders of Nature,4,4,Wonders of Nature Ep. 4,Romantic,37,2023-11-13 01:52:35,5170,Documentary
Drama,Daily World News,,,Daily World News,Romantic,81,2023-11-15 20:00:36,6778,News
Anime,Science Explorers,,,Science Explorers,Exciting,30,2023-11-14 00:12:53,6179,Documentary
Anime,Family Bonds,,,Family Bonds,Exciting,73,2023-11-12 10:25:46,6769,Drama
Pets,Family Bonds,,,Family Bonds,Exciting,75,2023-11-15 21:43:08,2807,Drama
Drama,Ninja Adventures,,,Ninja Adventures,Romantic,45,2023-11-14 18:09:41,7461,Anime
Movie,History Unveiled,5,3,History Unveiled Ep. 3,Hilarious,30,2023-11-11 23:26:25,6356,Documentary
Sports,Galactic Battle,,,Galactic Battle,Romantic,85,2023-11-15 21:42:18,4029,Anime
News,Cute Pets on Parade,1,2,Cute Pets on Parade Ep. 2,Dramatic,108,2023-11-13 07:59:17,8812,Pets
News,Basketball Stars,,,Basketball Stars,Suspenseful,32,2023-11-15 08:51:16,7344,Sports
Movie,Tech Update,,,Tech Update,Dramatic,53,2023-11-12 07:01:38,2616,News
News,Health Today,,,Health Today,Suspenseful,36,2023-11-13 03:48:48,6152,News
Anime,Family Bonds,,,Family Bonds,Romantic,108,2023-11-12 19:48:08,2943,Drama
Movie,Family Bonds,,,Family Bonds,Exciting,79,2023-11-11 23:49:31,8003,Drama
Sports,Health Today,,,Health Today,Romantic,105,2023-11-13 07:00:51,1848,News
Documentary,Family Bonds,,,Family Bonds,Suspenseful,31,2023-11-14 00:01:07,8095,Drama
News,Galactic Battle,,,Galactic Battle,Dramatic,96,2023-11-15 11:08:28,4167,Anime
Movie,Daily World News,3,20,Daily World News Ep. 20,Romantic,30,2023-11-15 05:01:19,5573,News
Drama,Health Today,4,10,Health Today Ep. 10,Exciting,66,2023-11-13 05:57:34,2081,News
Drama,Wildlife Encounters,1,4,Wildlife Encounters Ep. 4,Suspenseful,23,2023-11-15 11:58:07,9775,Pets
Anime,History Unveiled,,,History Unveiled,Suspenseful,23,2023-11-15 13:23:26,9819,Documentary
Sports,Wildlife Encounters,,,Wildlife Encounters,Hilarious,90,2023-11-12 12:23:14,2393,Pets
Documentary,The Secret Agent,,,The Secret Agent,Dramatic,45,2023-11-14 19:31:08,7510,Movie
Anime,Basketball Stars,,,Basketball Stars,Romantic,85,2023-11-16 01:00:15,2038,Sports
Documentary,Health Today,2,11,Health Today Ep. 11,Dramatic,95,2023-11-13 04:44:59,4727,News
Documentary,Daily World News,,,Daily World News,Romantic,59,2023-11-11 12:30:50,1345,News
Pets,Galactic Battle,,,Galactic Battle,Dramatic,65,2023-11-13 08:09:18,790,Anime
Movie,Wonders of Nature,4,9,Wonders of Nature Ep. 9,Hilarious,60,2023-11-15 08:58:24,3350,Documentary
Movie,Corporate Games,,,Corporate Games,Romantic,51,2023-11-13 16:17:17,5758,Drama
Pets,Wildlife Encounters,5,13,Wildlife Encounters Ep. 13,Romantic,29,2023-11-14 10:27:57,2282,Pets
Movie,Cute Pets on Parade,,,Cute Pets on Parade,Suspenseful,77,2023-11-13 17:47:26,1278,Pets
Pets,Daily World News,,,Daily World News,Exciting,70,2023-11-11 15:36:56,3772,News
Drama,Daily World News,5,6,Daily World News Ep. 6,Dramatic,68,2023-11-12 21:42:17,1974,News
Pets,Galactic Battle,2,20,Galactic Battle Ep. 20,Hilarious,77,2023-11-16 17:49:42,9446,Anime
Anime,Daily World News,,,Daily World News,Hilarious,60,2023-11-13 23:32:53,654,News
Drama,Mystery of the Lost City,1,11,Mystery of the Lost City Ep. 11,Exciting,43,2023-11-14 19:55:36,6739,Anime
Sports,Ninja Adventures,,,Ninja Adventures,Suspenseful,48,2023-11-15 16:12:05,5584,Anime
Movie,Wildlife Encounters,5,4,Wildlife Encounters Ep. 4,Hilarious,20,2023-11-12 05:51:51,6438,Pets
Documentary,Daily World News,2,14,Daily World News Ep. 14,Hilarious,53,2023-11-12 04:30:15,6333,News
Drama,Health Today,,,Health Today,Romantic,57,2023-11-14 04:48:06,8850,News
Pets,Daily World News,1,11,Daily World News Ep. 11,Hilarious,72,2023-11-13 13:34:13,670,News
Pets,Cute Pets on Parade,2,18,Cute Pets on Parade Ep. 18,Suspenseful,36,2023-11-14 12:49:23,6574,Pets
Anime,The Great Escape,3,16,The Great Escape Ep. 16,Romantic,84,2023-11-15 15:09:35,1213,Movie
Anime,Olympic Heroes,,,Olympic Heroes,Dramatic,88,2023-11-16 11:21:00,6423,Sports
Anime,Daily World News,2,7,Daily World News Ep. 7,Romantic,84,2023-11-13 07:24:22,6251,News
Movie,Wonders of Nature,4,14,Wonders of Nature Ep. 14,Exciting,20,2023-11-13 08:09:27,9127,Documentary
Sports,Health Today,4,16,Health Today Ep. 16,Romantic,46,2023-11-15 15:26:05,6134,News
Anime,Basketball Stars,,,Basketball Stars,Dramatic,41,2023-11-13 16:03:09,587,Sports
Anime,Basketball Stars,3,19,Basketball Stars Ep. 19,Dramatic,43,2023-11-15 03:10:50,5532,Sports
News,Wonders of Nature,,,Wonders of Nature,Suspenseful,105,2023-11-14 01:49:46,6636,Documentary
Pets,Wonders of Nature,2,1,Wonders of Nature Ep. 1,Dramatic,48,2023-11-11 13:23:07,3128,Documentary
Sports,Wonders of Nature,,,Wonders of Nature,Hilarious,41,2023-11-13 02:37:16,6379,Documentary
Sports,Animal Friends,,,Animal Friends,Exciting,103,2023-11-14 10:10:11,4775,Pets
News,Basketball Stars,1,20,Basketball Stars Ep. 20,Exciting,29,2023-11-10 21:56:16,2875,Sports
Anime,Cute Pets on Parade,3,2,Cute Pets on Parade Ep. 2,Dramatic,72,2023-11-12 04:52:16,4169,Pets
Pets,Love in the City,2,19,Love in the City Ep. 19,Romantic,54,2023-11-15 08:00:58,1104,Movie
Anime,Love in the City,4,20,Love in the City Ep. 20,Exciting,41,2023-11-15 22:54:50,8078,Movie
Sports,Mystery of the Lost City,,,Mystery of the Lost City,Hilarious,96,2023-11-11 06:46:51,4085,Anime
Anime,The Secret Agent,,,The Secret Agent,Hilarious,66,2023-11-12 07:55:55,4726,Movie
Movie,Corporate Games,5,18,Corporate Games Ep. 18,Suspenseful,33,2023-11-12 08:29:18,4332,Drama
Drama,Ninja Adventures,,,Ninja Adventures,Dramatic,24,2023-11-14 04:24:06,5586,Anime
Movie,Corporate Games,1,12,Corporate Games Ep. 12,Dramatic,95,2023-11-15 18:42:56,2600,Drama
News,Olympic Heroes,4,11,Olympic Heroes Ep. 11,Exciting,28,2023-11-14 11:32:59,3617,Sports
Drama,Tech Update,,,Tech Update,Exciting,42,2023-11-14 11:12:13,298,News
Documentary,Mystery of the Lost City,,,Mystery of the Lost City,Exciting,26,2023-11-11 18:01:52,3997,Anime
Documentary,Corporate Games,,,Corporate Games,Exciting,85,2023-11-11 00:44:17,3224,Drama
Anime,Life's Twists,,,Life's Twists,Romantic,53,2023-11-15 00:07:19,2441,Drama
Pets,Daily World News,2,6,Daily World News Ep. 6,Exciting,25,2023-11-11 11:13:24,3414,News
Anime,Health Today,,,Health Today,Hilarious,77,2023-11-12 13:13:21,7143,News
Documentary,History Unveiled,,,History Unveiled,Romantic,107,2023-11-12 19:21:52,1640,Documentary
Documentary,Mystery of the Lost City,2,18,Mystery of the Lost City Ep. 18,Exciting,47,2023-11-16 01:28:07,3354,Anime
Documentary,Science Explorers,,,Science Explorers,Hilarious,54,2023-11-10 22:18:54,6770,Documentary
Documentary,Olympic Heroes,3,18,Olympic Heroes Ep. 18,Dramatic,40,2023-11-14 17:54:13,4994,Sports
Drama,Galactic Battle,,,Galactic Battle,Dramatic,30,2023-11-13 12:21:39,7490,Anime
Pets,Cute Pets on Parade,4,8,Cute Pets on Parade Ep. 8,Romantic,101,2023-11-11 11:42:07,6111,Pets
Movie,Galactic Battle,,,Galactic Battle,Suspenseful,34,2023-11-16 10:15:15,8891,Anime
Anime,Love in the City,2,16,Love in the City Ep. 16,Suspenseful,59,2023-11-15 03:13:28,3660,Movie
Pets,History Unveiled,,,History Unveiled,Romantic,114,2023-11-11 16:43:24,5972,Documentary
Pets,Mystery of the Lost City,,,Mystery of the Lost City,Romantic,112,2023-11-11 15:35:32,7265,Anime
Movie,Life's Twists,1,1,Life's Twists Ep. 1,Dramatic,102,2023-11-13 21:36:41,5292,Drama
Pets,Mystery of the Lost City,,,Mystery of the Lost City,Romantic,101,2023-11-10 21:58:44,8939,Anime
News,Olympic Heroes,2,6,Olympic Heroes Ep. 6,Hilarious,102,2023-11-14 13:24:58,1322,Sports
Sports,Ninja Adventures,2,13,Ninja Adventures Ep. 13,Dramatic,101,2023-11-11 05:05:51,4184,Anime
Sports,Corporate Games,,,Corporate Games,Exciting,97,2023-11-12 02:48:03,9160,Drama
Documentary,Family Bonds,,,Family Bonds,Dramatic,77,2023-11-11 22:33:19,8248,Drama
Pets,History Unveiled,,,History Unveiled,Suspenseful,37,2023-11-14 21:22:03,7495,Documentary
Pets,Science Explorers,,,Science Explorers,Dramatic,71,2023-11-15 19:08:04,7685,Documentary
Anime,Science Explorers,,,Science Explorers,Hilarious,65,2023-11-13 08:48:22,4032,Documentary
Movie,Science Explorers,4,19,Science Explorers Ep. 19,Romantic,47,2023-11-12 09:14:13,8449,Documentary
Pets,The Secret Agent,4,20,The Secret Agent Ep. 20,Hilarious,98,2023-11-13 22:18:31,876,Movie
Anime,Animal Friends,,,Animal Friends,Romantic,33,2023-11-15 02:18:38,526,Pets
Documentary,History Unveiled,4,19,History Unveiled Ep. 19,Exciting,83,2023-11-11 03:25:20,8243,Documentary
Movie,Family Bonds,,,Family Bonds,Exciting,25,2023-11-13 07:11:50,9343,Drama
Sports,Corporate Games,,,Corporate Games,Suspenseful,47,2023-11-11 19:59:42,9275,Drama
Movie,Corporate Games,,,Corporate Games,Exciting,58,2023-11-16 16:34:42,8243,Drama
Sports,Galactic Battle,1,13,Galactic Battle Ep. 13,Romantic,103,2023-11-12 04:41:23,7699,Anime
Documentary,Olympic Heroes,5,9,Olympic Heroes Ep. 9,Dramatic,71,2023-11-15 12:15:07,4985,Sports
Movie,Science Explorers,3,4,Science Explorers Ep. 4,Romantic,82,2023-11-13 18:28:35,123,Documentary
Documentary,Animal Friends,1,8,Animal Friends Ep. 8,Romantic,106,2023-11-11 09:43:55,3494,Pets
Drama,Daily World News,,,Daily World News,Romantic,107,2023-11-11 19:07:45,9220,News
Anime,Wildlife Encounters,3,2,Wildlife Encounters Ep. 2,Dramatic,95,2023-11-11 05:48:03,5272,Pets
Pets,The Great Escape,,,The Great Escape,Suspenseful,85,2023-11-14 22:45:18,3252,Movie
News,The Secret Agent,4,2,The Secret Agent Ep. 2,Dramatic,91,2023-11-16 11:55:51,3829,Movie
Drama,Olympic Heroes,1,8,Olympic Heroes Ep. 8,Hilarious,48,2023-11-14 02:01:48,3808,Sports
Documentary,Football Highlights,,,Football Highlights,Romantic,89,2023-11-13 18:13:46,5805,Sports
Sports,The Secret Agent,,,The Secret Agent,Exciting,33,2023-11-14 12:08:19,8388,Movie
Anime,Family Bonds,5,15,Family Bonds Ep. 15,Hilarious,105,2023-11-11 22:36:08,5287,Drama
Drama,Animal Friends,1,17,Animal Friends Ep. 17,Exciting,72,2023-11-14 08:26:04,9551,Pets
Movie,Health Today,5,3,Health Today Ep. 3,Suspenseful,21,2023-11-13 00:18:33,3022,News
Pets,The Secret Agent,,,The Secret Agent,Dramatic,33,2023-11-11 20:20:31,1834,Movie
Documentary,Ninja Adventures,,,Ninja Adventures,Suspenseful,48,2023-11-16 14:57:23,3831,Anime
Drama,Daily World News,4,4,Daily World News Ep. 4,Dramatic,86,2023-11-14 09:38:04,4137,News
Drama,Galactic Battle,,,Galactic Battle,Exciting,38,2023-11-15 04:12:58,9950,Anime
Movie,Basketball Stars,5,6,Basketball Stars Ep. 6,Dramatic,46,2023-11-14 00:33:39,3130,Sports
Sports,Love in the City,,,Love in the City,Exciting,53,2023-11-12 20:54:08,5082,Movie
News,Olympic Heroes,,,Olympic Heroes,Suspenseful,88,2023-11-11 05:53:59,5706,Sports
Anime,The Secret Agent,,,The Secret Agent,Suspenseful,112,2023-11-11 13:51:08,2389,Movie
Anime,Wildlife Encounters,,,Wildlife Encounters,Exciting,59,2023-11-13 21:10:06,968,Pets
Documentary,Olympic Heroes,,,Olympic Heroes,Romantic,77,2023-11-10 23:12:54,3900,Sports
Pets,Health Today,2,14,Health Today Ep. 14,Suspenseful,90,2023-11-16 07:08:44,6215,News
Documentary,Animal Friends,,,Animal Friends,Hilarious,50,2023-11-12 17:51:00,2644,Pets
Sports,The Great Escape,3,4,The Great Escape Ep. 4,Exciting,29,2023-11-12 18:48:41,3518,Movie
Pets,Tech Update,2,3,Tech Update Ep. 3,Romantic,68,2023-11-15 00:02:50,9619,News
Movie,Love in the City,,,Love in the City,Dramatic,71,2023-11-15 16:23:47,5334,Movie
Anime,Science Explorers,,,Science Explorers,Hilarious,65,2023-11-13 03:20:28,2156,Documentary
Documentary,History Unveiled,,,History Unveiled,Dramatic,41,2023-11-16 17:49:04,7751,Documentary
News,Galactic Battle,1,11,Galactic Battle Ep. 11,Romantic,107,2023-11-11 17:06:59,5205,Anime
News,Wildlife Encounters,,,Wildlife Encounters,Dramatic,33,2023-11-15 20:10:22,7821,Pets
News,Science Explorers,3,2,Science Explorers Ep. 2,Suspenseful,117,2023-11-11 12:57:09,4038,Documentary
Anime,Tech Update,4,5,Tech Update Ep. 5,Suspenseful,74,2023-11-11 16:45:51,6726,News
Pets,Animal Friends,,,Animal Friends,Hilarious,108,2023-11-16 01:38:36,8767,Pets
Anime,History Unveiled,5,12,History Unveiled Ep. 12,Suspenseful,35,2023-11-10 21:27:42,3503,Documentary
Pets,Family Bonds,,,Family Bonds,Dramatic,96,2023-11-14 13:25:23,7645,Drama
News,History Unveiled,,,History Unveiled,Exciting,112,2023-11-15 20:37:12,2789,Documentary
Documentary,Daily World News,,,Daily World News,Exciting,80,2023-11-15 03:04:07,9289,News
Drama,Family Bonds,2,10,Family Bonds Ep. 10,Exciting,98,2023-11-12 07:49:00,3366,Drama
News,Animal Friends,,,Animal Friends,Exciting,65,2023-11-12 12:16:03,8472,Pets
Sports,Health Today,,,Health Today,Romantic,70,2023-11-14 18:07:55,2950,News
Drama,Animal Friends,,,Animal Friends,Hilarious,41,2023-11-11 06:48:29,4282,Pets
Pets,Animal Friends,5,10,Animal Friends Ep. 10,Romantic,104,2023-11-13 16:45:09,3085,Pets
Documentary,Daily World News,1,8,Daily World News Ep. 8,Exciting,77,2023-11-16 12:53:39,2221,News
Documentary,Ninja Adventures,4,2,Ninja Adventures Ep. 2,Suspenseful,116,2023-11-16 08:49:52,323,Anime
Anime,Ninja Adventures,,,Ninja Adventures,Hilarious,50,2023-11-11 21:12:31,6403,Anime
Anime,Animal Friends,,,Animal Friends,Exciting,108,2023-11-15 01:37:03,1425,Pets
Documentary,Ninja Adventures,,,Ninja Adventures,Suspenseful,45,2023-11-13 00:58:07,293,Anime
Documentary,History Unveiled,,,History Unveiled,Hilarious,51,2023-11-16 07:27:51,8071,Documentary
Anime,Mystery of the Lost City,,,Mystery of the Lost City,Suspenseful,82,2023-11-11 15:57:09,4022,Anime
Drama,Love in the City,2,2,Love in the City Ep. 2,Dramatic,72,2023-11-15 14:22:51,3654,Movie
News,Tech Update,,,Tech Update,Hilarious,74,2023-11-14 04:59:32,9007,News
Sports,Galactic Battle,,,Galactic Battle,Hilarious,22,2023-11-15 22:54:56,7147,Anime
Pets,Love in the City,,,Love in the City,Hilarious,57,2023-11-12 16:05:02,2758,Movie
Drama,Animal Friends,,,Animal Friends,Exciting,96,2023-11-16 00:36:54,6803,Pets
Sports,Galactic Battle,,,Galactic Battle,Suspenseful,37,2023-11-15 08:58:38,9025,Anime
Documentary,Health Today,5,2,Health Today Ep. 2,Romantic,59,2023-11-14 16:15:54,4148,News
Documentary,Cute Pets on Parade,2,11,Cute Pets on Parade Ep. 11,Suspenseful,25,2023-11-11 03:49:25,6234,Pets
Sports,Ninja Adventures,3,18,Ninja Adventures Ep. 18,Hilarious,100,2023-11-16 12:31:44,6289,Anime
Pets,Football Highlights,1,4,Football Highlights Ep. 4,Hilarious,75,2023-11-15 09:45:34,8045,Sports
Pets,Ninja Adventures,4,20,Ninja Adventures Ep. 20,Romantic,38,2023-11-14 17:47:21,3220,Anime
Pets,Ninja Adventures,3,3,Ninja Adventures Ep. 3,Hilarious,106,2023-11-13 02:47:37,5306,Anime
Documentary,History Unveiled,,,History Unveiled,Dramatic,120,2023-11-12 04:03:51,1953,Documentary
Pets,Science Explorers,3,16,Science Explorers Ep. 16,Exciting,25,2023-11-11 11:06:22,6534,Documentary
Pets,Wildlife Encounters,4,19,Wildlife Encounters Ep. 19,Romantic,24,2023-11-10 22:39:02,5465,Pets
Drama,Animal Friends,4,10,Animal Friends Ep. 10,Romantic,97,2023-11-12 09:27:00,7268,Pets
News,Love in the City,1,4,Love in the City Ep. 4,Romantic,31,2023-11-14 18:51:37,3300,Movie
Sports,Basketball Stars,,,Basketball Stars,Hilarious,46,2023-11-12 18:02:41,4205,Sports
Drama,Science Explorers,,,Science Explorers,Dramatic,29,2023-11-13 11:11:46,5213,Documentary
Documentary,History Unveiled,2,17,History Unveiled Ep. 17,Hilarious,48,2023-11-16 16:31:28,5380,Documentary
Movie,Life's Twists,2,8,Life's Twists Ep. 8,Suspenseful,40,2023-11-13 09:47:07,3375,Drama
Documentary,Galactic Battle,5,3,Galactic Battle Ep. 3,Hilarious,116,2023-11-12 06:34:01,2983,Anime
Anime,History Unveiled,,,History Unveiled,Romantic,79,2023-11-11 07:34:26,9710,Documentary
Anime,Wildlife Encounters,1,10,Wildlife Encounters Ep. 10,Suspenseful,73,2023-11-13 18:07:55,1709,Pets
Drama,History Unveiled,,,History Unveiled,Hilarious,60,2023-11-15 04:12:45,7753,Documentary
Drama,Galactic Battle,5,14,Galactic Battle Ep. 14,Exciting,21,2023-11-16 01:43:57,5078,Anime
News,Olympic Heroes,,,Olympic Heroes,Romantic,45,2023-11-11 20:09:16,2179,Sports
Pets,Cute Pets on Parade,4,18,Cute Pets on Parade Ep. 18,Dramatic,24,2023-11-13 20:11:40,1816,Pets
Documentary,Cute Pets on Parade,,,Cute Pets on Parade,Exciting,33,2023-11-14 01:05:46,777,Pets
Drama,Health Today,,,Health Today,Suspenseful,79,2023-11-10 17:34:34,4168,News
Drama,Love in the City,,,Love in the City,Dramatic,89,2023-11-12 19:27:02,848,Movie
Documentary,Galactic Battle,,,Galactic Battle,Hilarious,62,2023-11-12 11:18:41,6053,Anime
Pets,Galactic Battle,2,5,Galactic Battle Ep. 5,Romantic,108,2023-11-13 11:45:03,4261,Anime
Drama,The Great Escape,,,The Great Escape,Romantic,42,2023-11-16 16:39:48,7209,Movie
Sports,Tech Update,4,14,Tech Update Ep. 14,Dramatic,39,2023-11-14 12:41:19,9326,News
Sports,Ninja Adventures,,,Ninja Adventures,Romantic,68,2023-11-15 19:11:15,8840,Anime
Movie,Animal Friends,,,Animal Friends,Suspenseful,65,2023-11-16 17:13:15,4236,Pets
Documentary,Mystery of the Lost City,4,7,Mystery of the Lost City Ep. 7,Exciting,20,2023-11-11 18:39:05,3863,Anime
Sports,Basketball Stars,1,13,Basketball Stars Ep. 13,Suspenseful,47,2023-11-11 20:19:13,6669,Sports
Pets,Family Bonds,,,Family Bonds,Romantic,66,2023-11-12 15:29:39,5575,Drama
Drama,Science Explorers,,,Science Explorers,Hilarious,24,2023-11-12 03:52:58,6962,Documentary
Drama,Health Today,,,Health Today,Hilarious,97,2023-11-16 15:02:48,7018,News
Drama,Cute Pets on Parade,5,3,Cute Pets on Parade Ep. 3,Hilarious,116,2023-11-13 02:09:07,2322,Pets
Documentary,Ninja Adventures,4,4,Ninja Adventures Ep. 4,Romantic,103,2023-11-11 03:24:56,7333,Anime
Documentary,Galactic Battle,4,9,Galactic Battle Ep. 9,Suspenseful,37,2023-11-14 08:46:24,4617,Anime
News,Football Highlights,,,Football Highlights,Dramatic,93,2023-11-13 02:21:53,9576,Sports
Documentary,Olympic Heroes,,,Olympic Heroes,Romantic,114,2023-11-15 06:35:41,3264,Sports
Documentary,Football Highlights,2,15,Football Highlights Ep. 15,Romantic,27,2023-11-16 02:41:52,9410,Sports
Sports,Basketball Stars,,,Basketball Stars,Dramatic,41,2023-11-11 16:25:17,3502,Sports
Anime,History Unveiled,,,History Unveiled,Dramatic,27,2023-11-12 04:25:16,328,Documentary
Sports,Wonders of Nature,,,Wonders of Nature,Romantic,67,2023-11-11 17:06:17,655,Documentary
Drama,Daily World News,4,11,Daily World News Ep. 11,Suspenseful,118,2023-11-12 20:56:02,7271,News
Documentary,Olympic Heroes,3,19,Olympic Heroes Ep. 19,Romantic,64,2023-11-15 02:41:48,5934,Sports
Movie,Daily World News,5,12,Daily World News Ep. 12,Romantic,90,2023-11-13 10:43:57,5782,News
Pets,Wildlife Encounters,,,Wildlife Encounters,Romantic,55,2023-11-13 12:18:12,9217,Pets
Drama,History Unveiled,,,History Unveiled,Romantic,39,2023-11-12 15:57:37,7096,Documentary
Drama,Olympic Heroes,,,Olympic Heroes,Exciting,30,2023-11-16 12:17:35,8364,Sports
Pets,Life's Twists,2,20,Life's Twists Ep. 20,Romantic,104,2023-11-14 09:57:04,8232,Drama
Anime,Ninja Adventures,2,16,Ninja Adventures Ep. 16,Hilarious,31,2023-11-13 17:55:32,9714,Anime
Sports,Love in the City,,,Love in the City,Suspenseful,84,2023-11-15 11:18:40,6420,Movie
Drama,Football Highlights,5,13,Football Highlights Ep. 13,Exciting,55,2023-11-10 18:53:34,6794,Sports
Documentary,Family Bonds,,,Family Bonds,Dramatic,42,2023-11-16 05:30:00,9457,Drama
Sports,History Unveiled,4,2,History Unveiled Ep. 2,Hilarious,79,2023-11-15 20:24:46,6317,Documentary
News,Galactic Battle,2,10,Galactic Battle Ep. 10,Exciting,106,2023-11-15 09:23:16,9360,Anime
Pets,Wildlife Encounters,,,Wildlife Encounters,Dramatic,95,2023-11-14 06:21:09,4305,Pets
Movie,Ninja Adventures,,,Ninja Adventures,Romantic,86,2023-11-15 14:49:09,9713,Anime
Documentary,Olympic Heroes,,,Olympic Heroes,Romantic,50,2023-11-15 01:18:32,2626,Sports
Pets,Cute Pets on Parade,2,5,Cute Pets on Parade Ep. 5,Dramatic,120,2023-11-16 07:27:38,8252,Pets
Anime,Ninja Adventures,4,19,Ninja Adventures Ep. 19,Exciting,67,2023-11-13 11:42:41,9222,Anime
Sports,Basketball Stars,3,1,Basketball Stars Ep. 1,Exciting,68,2023-11-11 11:04:36,1750,Sports
Movie,Animal Friends,,,Animal Friends,Exciting,68,2023-11-16 15:26:42,871,Pets
Documentary,Galactic Battle,1,8,Galactic Battle Ep. 8,Romantic,28,2023-11-11 09:31:54,740,Anime
Documentary,Tech Update,,,Tech Update,Suspenseful,23,2023-11-11 02:27:35,4012,News
News,Science Explorers,5,9,Science Explorers Ep. 9,Romantic,88,2023-11-15 14:19:35,5866,Documentary
Drama,Ninja Adventures,1,12,Ninja Adventures Ep. 12,Romantic,85,2023-11-13 13:29:29,3988,Anime
Movie,Daily World News,4,6,Daily World News Ep. 6,Suspenseful,48,2023-11-12 13:30:13,5475,News
Anime,Olympic Heroes,2,4,Olympic Heroes Ep. 4,Hilarious,119,2023-11-11 07:35:07,5191,Sports
Drama,Corporate Games,,,Corporate Games,Romantic,47,2023-11-12 10:00:36,2842,Drama
Drama,Cute Pets on Parade,5,19,Cute Pets on Parade Ep. 19,Romantic,90,2023-11-14 20:06:36,794,Pets
Drama,The Secret Agent,,,The Secret Agent,Dramatic,64,2023-11-14 10:15:09,6835,Movie
Pets,Basketball Stars,,,Basketball Stars,Dramatic,116,2023-11-12 05:31:45,3835,Sports
News,Corporate Games,,,Corporate Games,Exciting,20,2023-11-15 06:38:52,500,Drama
Documentary,Science Explorers,1,16,Science Explorers Ep. 16,Romantic,76,2023-11-14 23:09:18,2645,Documentary
Movie,Animal Friends,,,Animal Friends,Romantic,63,2023-11-15 23:52:45,9918,Pets
News,Basketball Stars,1,15,Basketball Stars Ep. 15,Suspenseful,114,2023-11-12 22:25:01,7925,Sports
Movie,Ninja Adventures,,,Ninja Adventures,Romantic,114,2023-11-12 20:57:44,4854,Anime
Documentary,Health Today,,,Health Today,Romantic,21,2023-11-15 23:44:51,3298,News
Movie,The Secret Agent,,,The Secret Agent,Romantic,118,2023-11-16 11:48:35,9273,Movie
Drama,Animal Friends,2,20,Animal Friends Ep. 20,Dramatic,66,2023-11-12 22:50:17,2369,Pets
Movie,Mystery of the Lost City,,,Mystery of the Lost City,Hilarious,28,2023-11-13 15:51:39,8815,Anime
Documentary,The Secret Agent,1,20,The Secret Agent Ep. 20,Hilarious,89,2023-11-13 19:42:46,5644,Movie
News,Science Explorers,,,Science Explorers,Hilarious,62,2023-11-11 01:07:33,6217,Documentary
Documentary,Cute Pets on Parade,2,15,Cute Pets on Parade Ep. 15,Exciting,93,2023-11-12 13:16:17,411,Pets
Sports,The Great Escape,5,9,The Great Escape Ep. 9,Suspenseful,23,2023-11-15 07:24:26,9153,Movie
Pets,Ninja Adventures,,,Ninja Adventures,Romantic,93,2023-11-11 15:09:05,4207,Anime
Pets,Tech Update,,,Tech Update,Hilarious,20,2023-11-14 20:52:02,6436,News
Movie,Love in the City,1,5,Love in the City Ep. 5,Suspenseful,30,2023-11-15 17:34:47,2769,Movie
Anime,History Unveiled,4,6,History Unveiled Ep. 6,Hilarious,78,2023-11-16 15:56:58,8370,Documentary
Anime,Mystery of the Lost City,1,5,Mystery of the Lost City Ep. 5,Dramatic,119,2023-11-14 15:00:42,2401,Anime
News,Life's Twists,,,Life's Twists,Hilarious,88,2023-11-12 15:15:04,7758,Drama
Anime,History Unveiled,,,History Unveiled,Hilarious,110,2023-11-15 23:35:50,3983,Documentary
Documentary,Family Bonds,,,Family Bonds,Exciting,24,2023-11-12 05:57:48,7136,Drama
News,Football Highlights,1,15,Football Highlights Ep. 15,Exciting,73,2023-11-13 06:08:44,3870,Sports
Pets,Ninja Adventures,4,12,Ninja Adventures Ep. 12,Hilarious,93,2023-11-14 17:49:31,1100,Anime
Pets,Health Today,3,10,Health Today Ep. 10,Romantic,115,2023-11-11 13:55:22,9882,News
Documentary,Mystery of the Lost City,,,Mystery of the Lost City,Romantic,23,2023-11-16 12:22:23,894,Anime
Documentary,Corporate Games,,,Corporate Games,Dramatic,50,2023-11-13 02:12:07,7614,Drama
News,Cute Pets on Parade,5,18,Cute Pets on Parade Ep. 18,Romantic,102,2023-11-15 10:34:49,2198,Pets
Pets,Olympic Heroes,4,4,Olympic Heroes Ep. 4,Exciting,25,2023-11-13 04:33:37,381,Sports
Movie,Tech Update,,,Tech Update,Exciting,52,2023-11-12 01:08:31,5806,News
News,Mystery of the Lost City,,,Mystery of the Lost City,Hilarious,32,2023-11-11 20:09:34,8542,Anime
News,Football Highlights,3,10,Football Highlights Ep. 10,Romantic,101,2023-11-11 18:53:59,920,Sports
Pets,Cute Pets on Parade,,,Cute Pets on Parade,Dramatic,118,2023-11-15 20:19:04,1759,Pets
Anime,Mystery of the Lost City,,,Mystery of the Lost City,Hilarious,119,2023-11-11 02:51:30,9721,Anime
Sports,Life's Twists,,,Life's Twists,Suspenseful,93,2023-11-12 01:54:36,6011,Drama
Pets,Tech Update,,,Tech Update,Suspenseful,20,2023-11-12 03:32:50,8889,News
News,Olympic Heroes,,,Olympic Heroes,Dramatic,83,2023-11-13 00:28:53,1511,Sports
Movie,Football Highlights,4,11,Football Highlights Ep. 11,Hilarious,25,2023-11-16 06:32:44,3602,Sports
Drama,Love in the City,3,2,Love in the City Ep. 2,Dramatic,44,2023-11-14 11:00:47,753,Movie
Movie,Wildlife Encounters,1,20,Wildlife Encounters Ep. 20,Exciting,104,2023-11-15 13:30:19,2318,Pets
Movie,Animal Friends,,,Animal Friends,Exciting,95,2023-11-16 04:47:00,4348,Pets
Movie,Basketball Stars,5,4,Basketball Stars Ep. 4,Hilarious,94,2023-11-16 11:02:31,5540,Sports
Documentary,Wildlife Encounters,,,Wildlife Encounters,Dramatic,35,2023-11-14 09:47:02,1716,Pets
Drama,Love in the City,,,Love in the City,Suspenseful,50,2023-11-14 22:28:31,4753,Movie
Pets,History Unveiled,,,History Unveiled,Suspenseful,71,2023-11-13 03:52:48,2804,Documentary
Pets,Wonders of Nature,,,Wonders of Nature,Exciting,21,2023-11-15 11:56:41,2951,Documentary
Movie,Science Explorers,5,17,Science Explorers Ep. 17,Hilarious,21,2023-11-12 06:26:10,2099,Documentary
Movie,Olympic Heroes,4,3,Olympic Heroes Ep. 3,Romantic,74,2023-11-10 21:27:25,553,Sports
Sports,Basketball Stars,1,2,Basketball Stars Ep. 2,Romantic,21,2023-11-13 17:35:00,1879,Sports
Documentary,Life's Twists,,,Life's Twists,Dramatic,40,2023-11-13 06:36:42,4537,Drama
Drama,History Unveiled,2,19,History Unveiled Ep. 19,Romantic,91,2023-11-11 12:48:13,2672,Documentary
Pets,Love in the City,,,Love in the City,Dramatic,118,2023-11-14 15:49:21,6549,Movie
News,Love in the City,,,Love in the City,Dramatic,75,2023-11-13 09:47:17,6826,Movie
Sports,Mystery of the Lost City,1,8,Mystery of the Lost City Ep. 8,Hilarious,99,2023-11-15 02:03:23,8152,Anime
Sports,Life's Twists,,,Life's Twists,Hilarious,102,2023-11-12 21:47:08,539,Drama
News,Science Explorers,5,13,Science Explorers Ep. 13,Dramatic,54,2023-11-15 05:29:31,6709,Documentary
News,Science Explorers,,,Science Explorers,Dramatic,91,2023-11-12 16:35:41,4928,Documentary
Drama,Cute Pets on Parade,2,7,Cute Pets on Parade Ep. 7,Hilarious,86,2023-11-11 15:11:39,2983,Pets
News,Mystery of the Lost City,5,2,Mystery of the Lost City Ep. 2,Suspenseful,88,2023-11-10 22:46:07,4140,Anime
Movie,Health Today,,,Health Today,Romantic,27,2023-11-13 04:42:36,8857,News
Documentary,History Unveiled,,,History Unveiled,Romantic,80,2023-11-14 22:33:30,7732,Documentary
Movie,Health Today,,,Health Today,Romantic,84,2023-11-14 00:44:30,6921,News
News,Cute Pets on Parade,,,Cute Pets on Parade,Romantic,76,2023-11-14 16:02:14,9745,Pets
Drama,Olympic Heroes,2,10,Olympic Heroes Ep. 10,Suspenseful,33,2023-11-16 06:01:20,2286,Sports
News,Life's Twists,,,Life's Twists,Exciting,58,2023-11-12 18:16:41,9379,Drama
Documentary,Life's Twists,2,10,Life's Twists Ep. 10,Exciting,41,2023-11-11 06:59:59,8411,Drama
Movie,Science Explorers,5,12,Science Explorers Ep. 12,Hilarious,99,2023-11-14 16:45:21,7408,Documentary
News,Daily World News,2,11,Daily World News Ep. 11,Romantic,62,2023-11-16 17:04:02,332,News
Anime,The Great Escape,,,The Great Escape,Hilarious,52,2023-11-13 02:28:28,6109,Movie
News,The Great Escape,,,The Great Escape,Hilarious,24,2023-11-12 10:39:24,7018,Movie
Sports,Galactic Battle,,,Galactic Battle,Romantic,69,2023-11-12 06:24:23,5205,Anime
Drama,History Unveiled,,,History Unveiled,Suspenseful,36,2023-11-14 02:53:09,2998,Documentary
Pets,Love in the City,,,Love in the City,Exciting,31,2023-11-16 09:17:01,1915,Movie
Documentary,Mystery of the Lost City,4,4,Mystery of the Lost City Ep. 4,Exciting,21,2023-11-11 12:20:52,6729,Anime
Drama,Football Highlights,4,20,Football Highlights Ep. 20,Exciting,100,2023-11-15 10:12:39,1738,Sports
Anime,Basketball Stars,3,14,Basketball Stars Ep. 14,Hilarious,85,2023-11-14 08:07:26,8977,Sports
Anime,Animal Friends,1,4,Animal Friends Ep. 4,Hilarious,57,2023-11-14 07:08:09,1325,Pets
Drama,Corporate Games,,,Corporate Games,Exciting,108,2023-11-13 01:28:31,4772,Drama
Movie,Basketball Stars,5,1,Basketball Stars Ep. 1,Hilarious,101,2023-11-16 05:14:31,5950,Sports
Documentary,Family Bonds,,,Family Bonds,Suspenseful,106,2023-11-14 09:36:47,717,Drama
Anime,Corporate Games,,,Corporate Games,Hilarious,105,2023-11-11 04:19:39,3616,Drama
Pets,Corporate Games,,,Corporate Games,Romantic,117,2023-11-15 12:30:10,8633,Drama
Anime,The Great Escape,2,8,The Great Escape Ep. 8,Suspenseful,62,2023-11-16 06:51:47,6925,Movie
Sports,History Unveiled,2,9,History Unveiled Ep. 9,Romantic,69,2023-11-12 10:10:19,4373,Documentary
Documentary,The Secret Agent,2,1,The Secret Agent Ep. 1,Romantic,58,2023-11-14 16:56:13,6143,Movie
Pets,Football Highlights,3,11,Football Highlights Ep. 11,Romantic,115,2023-11-16 07:37:24,5291,Sports
Documentary,The Secret Agent,5,9,The Secret Agent Ep. 9,Suspenseful,58,2023-11-15 17:12:51,5677,Movie
Documentary,Love in the City,,,Love in the City,Dramatic,57,2023-11-11 16:14:52,9897,Movie
News,Basketball Stars,,,Basketball Stars,Romantic,24,2023-11-15 06:26:18,6615,Sports
Drama,History Unveiled,4,2,History Unveiled Ep. 2,Suspenseful,65,2023-11-12 22:53:56,483,Documentary
Drama,Ninja Adventures,,,Ninja Adventures,Romantic,36,2023-11-15 12:18:13,7680,Anime
Sports,Wildlife Encounters,5,20,Wildlife Encounters Ep. 20,Exciting,48,2023-11-10 23:50:41,6902,Pets
Movie,The Secret Agent,5,16,The Secret Agent Ep. 16,Exciting,36,2023-11-10 19:45:24,2684,Movie
Sports,Science Explorers,,,Science Explorers,Suspenseful,75,2023-11-11 03:06:32,2574,Documentary
Drama,The Secret Agent,,,The Secret Agent,Suspenseful,27,2023-11-15 01:40:48,8507,Movie
Documentary,Science Explorers,4,6,Science Explorers Ep. 6,Suspenseful,44,2023-11-15 13:26:07,815,Documentary
Movie,The Secret Agent,,,The Secret Agent,Hilarious,76,2023-11-13 14:35:39,9497,Movie
Documentary,The Secret Agent,,,The Secret Agent,Exciting,37,2023-11-15 14:39:24,7068,Movie
Sports,Corporate Games,4,18,Corporate Games Ep. 18,Romantic,36,2023-11-12 07:56:42,4311,Drama
Anime,Animal Friends,,,Animal Friends,Suspenseful,33,2023-11-14 16:59:42,8443,Pets
Sports,Science Explorers,4,20,Science Explorers Ep. 20,Suspenseful,85,2023-11-13 09:46:59,3534,Documentary
Sports,The Secret Agent,1,11,The Secret Agent Ep. 11,Suspenseful,20,2023-11-15 07:43:11,1269,Movie
Movie,History Unveiled,4,10,History Unveiled Ep. 10,Hilarious,33,2023-11-15 16:15:09,469,Documentary
News,Daily World News,5,9,Daily World News Ep. 9,Suspenseful,43,2023-11-15 04:51:12,7098,News
Anime,Ninja Adventures,3,4,Ninja Adventures Ep. 4,Dramatic,110,2023-11-15 00:28:38,6532,Anime
Pets,Tech Update,4,16,Tech Update Ep. 16,Dramatic,39,2023-11-13 05:03:48,2397,News
Documentary,Corporate Games,,,Corporate Games,Exciting,91,2023-11-16 01:43:48,4797,Drama
Sports,Olympic Heroes,5,10,Olympic Heroes Ep. 10,Dramatic,110,2023-11-13 15:01:20,9405,Sports
Drama,Wildlife Encounters,4,20,Wildlife Encounters Ep. 20,Hilarious,116,2023-11-13 18:36:35,6103,Pets
News,Cute Pets on Parade,5,18,Cute Pets on Parade Ep. 18,Dramatic,35,2023-11-15 12:38:36,5961,Pets
Anime,Animal Friends,1,20,Animal Friends Ep. 20,Romantic,64,2023-11-11 14:41:44,4630,Pets
Sports,Science Explorers,2,12,Science Explorers Ep. 12,Dramatic,49,2023-11-12 23:33:09,9162,Documentary
Drama,The Great Escape,,,The Great Escape,Dramatic,105,2023-11-13 10:36:39,2463,Movie
Drama,Family Bonds,1,5,Family Bonds Ep. 5,Dramatic,67,2023-11-14 10:15:10,6961,Drama
Movie,The Great Escape,2,5,The Great Escape Ep. 5,Romantic,57,2023-11-14 15:48:21,3242,Movie
Sports,Football Highlights,,,Football Highlights,Suspenseful,36,2023-11-12 19:35:31,7187,Sports
Anime,The Great Escape,2,10,The Great Escape Ep. 10,Hilarious,61,2023-11-12 19:57:45,1150,Movie
Drama,Football Highlights,,,Football Highlights,Suspenseful,95,2023-11-12 10:47:36,278,Sports
Anime,Cute Pets on Parade,,,Cute Pets on Parade,Dramatic,90,2023-11-14 18:00:38,7005,Pets
Drama,Life's Twists,1,15,Life's Twists Ep. 15,Dramatic,115,2023-11-15 08:35:47,9034,Drama
Pets,Football Highlights,,,Football Highlights,Exciting,109,2023-11-13 22:52:20,1862,Sports
Drama,Daily World News,,,Daily World News,Dramatic,74,2023-11-16 00:45:35,5222,News
Documentary,Ninja Adventures,4,20,Ninja Adventures Ep. 20,Romantic,29,2023-11-11 04:16:11,9483,Anime
Pets,Olympic Heroes,,,Olympic Heroes,Hilarious,61,2023-11-16 03:54:59,1779,Sports
Documentary,Wonders of Nature,2,1,Wonders of Nature Ep. 1,Suspenseful,68,2023-11-10 18:21:22,3467,Documentary
Sports,Olympic Heroes,,,Olympic Heroes,Romantic,76,2023-11-16 01:48:06,7124,Sports
Sports,Science Explorers,,,Science Explorers,Exciting,32,2023-11-12 16:02:25,4963,Documentary
Documentary,Ninja Adventures,,,Ninja Adventures,Romantic,81,2023-11-11 04:45:47,5774,Anime
Movie,Galactic Battle,1,5,Galactic Battle Ep. 5,Romantic,46,2023-11-14 23:13:52,2616,Anime
Movie,Basketball Stars,,,Basketball Stars,Suspenseful,24,2023-11-11 11:47:53,2858,Sports
Drama,Health Today,2,17,Health Today Ep. 17,Suspenseful,53,2023-11-13 16:15:11,2661,News
Movie,Science Explorers,,,Science Explorers,Dramatic,85,2023-11-10 22:49:20,2762,Documentary
Anime,Health Today,3,13,Health Today Ep. 13,Romantic,111,2023-11-11 08:00:25,990,News
News,Basketball Stars,,,Basketball Stars,Exciting,54,2023-11-12 21:49:36,3986,Sports
Anime,The Great Escape,1,7,The Great Escape Ep. 7,Romantic,30,2023-11-11 19:34:07,9504,Movie
Drama,The Great Escape,1,5,The Great Escape Ep. 5,Exciting,52,2023-11-15 08:58:42,5620,Movie
Pets,Wonders of Nature,,,Wonders of Nature,Dramatic,88,2023-11-14 08:59:57,3456,Documentary
Pets,Galactic Battle,,,Galactic Battle,Exciting,52,2023-11-14 16:56:17,4191,Anime
Movie,Mystery of the Lost City,3,14,Mystery of the Lost City Ep. 14,Exciting,27,2023-11-12 23:03:37,2407,Anime
Pets,The Secret Agent,,,The Secret Agent,Dramatic,72,2023-11-12 07:27:45,6064,Movie
Sports,Cute Pets on Parade,4,4,Cute Pets on Parade Ep. 4,Hilarious,71,2023-11-14 00:10:16,7068,Pets
Anime,Ninja Adventures,,,Ninja Adventures,Romantic,78,2023-11-14 20:47:42,6263,Anime
Pets,Galactic Battle,,,Galactic Battle,Exciting,100,2023-11-11 02:11:25,6576,Anime
Anime,Corporate Games,5,5,Corporate Games Ep. 5,Dramatic,72,2023-11-16 06:54:06,987,Drama
Anime,Basketball Stars,1,19,Basketball Stars Ep. 19,Hilarious,60,2023-11-14 06:21:25,834,Sports
News,Health Today,1,8,Health Today Ep. 8,Dramatic,113,2023-11-14 03:34:46,2483,News
News,Tech Update,1,9,Tech Update Ep. 9,Romantic,53,2023-11-12 19:53:17,2775,News
Drama,Science Explorers,,,Science Explorers,Exciting,66,2023-11-15 00:04:19,5090,Documentary
Documentary,Wonders of Nature,,,Wonders of Nature,Suspenseful,117,2023-11-14 23:44:39,4452,Documentary
News,Football Highlights,1,3,Football Highlights Ep. 3,Exciting,41,2023-11-15 11:00:39,2636,Sports
Anime,Cute Pets on Parade,,,Cute Pets on Parade,Exciting,57,2023-11-12 21:18:41,4875,Pets
Movie,Health Today,,,Health Today,Hilarious,103,2023-11-12 04:08:51,8870,News
Movie,Olympic Heroes,,,Olympic Heroes,Suspenseful,82,2023-11-12 15:35:24,4983,Sports
Pets,Ninja Adventures,,,Ninja Adventures,Exciting,31,2023-11-11 07:57:38,9098,Anime
Pets,History Unveiled,2,19,History Unveiled Ep. 19,Suspenseful,61,2023-11-15 21:26:36,1873,Documentary
Pets,Animal Friends,5,3,Animal Friends Ep. 3,Hilarious,29,2023-11-11 04:00:24,2888,Pets
Anime,Wildlife Encounters,,,Wildlife Encounters,Romantic,63,2023-11-14 01:45:56,758,Pets
Drama,Wildlife Encounters,3,17,Wildlife Encounters Ep. 17,Suspenseful,74,2023-11-13 04:43:34,5043,Pets
News,Tech Update,3,17,Tech Update Ep. 17,Dramatic,35,2023-11-12 08:38:10,6242,News
News,Wildlife Encounters,5,10,Wildlife Encounters Ep. 10,Hilarious,30,2023-11-15 21:33:35,1220,Pets
Sports,Mystery of the Lost City,,,Mystery of the Lost City,Exciting,43,2023-11-11 20:33:25,8225,Anime
Anime,Football Highlights,,,Football Highlights,Romantic,97,2023-11-12 10:55:49,4065,Sports
News,Football Highlights,,,Football Highlights,Romantic,107,2023-11-14 09:13:07,455,Sports
Movie,Wonders of Nature,,,Wonders of Nature,Dramatic,76,2023-11-10 20:11:25,6499,Documentary
Drama,Wildlife Encounters,,,Wildlife Encounters,Dramatic,86,2023-11-13 00:02:31,8776,Pets
Sports,Basketball Stars,2,19,Basketball Stars Ep. 19,Exciting,66,2023-11-11 18:45:48,3275,Sports
Movie,Olympic Heroes,,,Olympic Heroes,Dramatic,68,2023-11-12 13:10:06,6409,Sports
Drama,Family Bonds,2,17,Family Bonds Ep. 17,Dramatic,108,2023-11-11 07:29:29,9582,Drama
Sports,The Great Escape,,,The Great Escape,Dramatic,71,2023-11-11 21:16:25,918,Movie
Drama,The Secret Agent,,,The Secret Agent,Hilarious,20,2023-11-10 19:14:45,4433,Movie
Documentary,Wildlife Encounters,,,Wildlife Encounters,Romantic,90,2023-11-15 00:41:33,5994,Pets
Sports,Animal Friends,,,Animal Friends,Dramatic,75,2023-11-13 10:55:35,6773,Pets
Anime,History Unveiled,5,10,History Unveiled Ep. 10,Suspenseful,111,2023-11-12 14:30:21,2805,Documentary
Movie,Tech Update,5,18,Tech Update Ep. 18,Hilarious,72,2023-11-13 12:46:16,4131,News
Pets,Tech Update,,,Tech Update,Romantic,113,2023-11-11 09:58:11,6718,News
Movie,Basketball Stars,1,13,Basketball Stars Ep. 13,Romantic,115,2023-11-15 03:27:37,5993,Sports
Drama,Love in the City,,,Love in the City,Romantic,22,2023-11-15 15:34:51,9015,Movie
Pets,Tech Update,,,Tech Update,Dramatic,100,2023-11-13 14:46:13,6363,News
Anime,Ninja Adventures,3,15,Ninja Adventures Ep. 15,Hilarious,20,2023-11-15 19:31:17,2660,Anime
Anime,The Secret Agent,,,The Secret Agent,Romantic,25,2023-11-12 11:13:33,9364,Movie
Sports,Love in the City,3,13,Love in the City Ep. 13,Dramatic,40,2023-11-15 20:19:15,4923,Movie
Pets,Health Today,,,Health Today,Dramatic,36,2023-11-16 08:40:24,5931,News
News,Cute Pets on Parade,,,Cute Pets on Parade,Suspenseful,79,2023-11-12 13:22:24,3501,Pets
Anime,Life's Twists,4,3,Life's Twists Ep. 3,Dramatic,31,2023-11-14 22:05:42,2374,Drama
Anime,Science Explorers,,,Science Explorers,Suspenseful,32,2023-11-15 22:02:06,9875,Documentary
Documentary,Wonders of Nature,,,Wonders of Nature,Dramatic,38,2023-11-14 10:31:21,2892,Documentary
Anime,Corporate Games,,,Corporate Games,Romantic,37,2023-11-12 10:07:36,5432,Drama
Anime,Galactic Battle,,,Galactic Battle,Dramatic,59,2023-11-15 18:32:17,1234,Anime
Sports,Health Today,,,Health Today,Romantic,89,2023-11-14 07:17:59,6297,News
Drama,Tech Update,3,7,Tech Update Ep. 7,Dramatic,70,2023-11-14 02:16:57,2871,News
Anime,Daily World News,5,14,Daily World News Ep. 14,Hilarious,113,2023-11-10 22:02:42,5177,News
Sports,Football Highlights,2,4,Football Highlights Ep. 4,Romantic,31,2023-11-15 21:25:01,4586,Sports
Anime,Basketball Stars,,,Basketball Stars,Dramatic,37,2023-11-13 23:07:24,7200,Sports
Sports,Love in the City,,,Love in the City,Dramatic,46,2023-11-14 03:56:43,9294,Movie
News,Ninja Adventures,1,16,Ninja Adventures Ep. 16,Dramatic,59,2023-11-14 18:40:27,2151,Anime
News,The Great Escape,3,15,The Great Escape Ep. 15,Dramatic,37,2023-11-16 04:14:58,7699,Movie
Documentary,Basketball Stars,1,8,Basketball Stars Ep. 8,Dramatic,60,2023-11-12 08:24:38,4770,Sports
Movie,Tech Update,1,11,Tech Update Ep. 11,Hilarious,24,2023-11-10 22:16:48,7045,News
Documentary,Science Explorers,,,Science Explorers,Romantic,77,2023-11-10 20:22:33,8308,Documentary
News,Wildlife Encounters,,,Wildlife Encounters,Romantic,48,2023-11-10 17:27:26,3745,Pets
Drama,Corporate Games,,,Corporate Games,Hilarious,26,2023-11-10 22:10:58,6589,Drama
Documentary,Football Highlights,3,8,Football Highlights Ep. 8,Dramatic,105,2023-11-16 10:42:04,4749,Sports
Sports,Life's Twists,1,8,Life's Twists Ep. 8,Romantic,50,2023-11-10 23:08:58,3533,Drama
News,The Great Escape,,,The Great Escape,Hilarious,72,2023-11-14 07:41:29,3883,Movie
Drama,Corporate Games,4,2,Corporate Games Ep. 2,Suspenseful,33,2023-11-12 23:20:35,9007,Drama
Movie,Wildlife Encounters,,,Wildlife Encounters,Exciting,83,2023-11-14 17:56:16,3959,Pets
Sports,Corporate Games,,,Corporate Games,Romantic,66,2023-11-11 08:56:42,1217,Drama
Movie,Galactic Battle,,,Galactic Battle,Hilarious,49,2023-11-14 17:41:26,3941,Anime
Drama,Olympic Heroes,3,15,Olympic Heroes Ep. 15,Suspenseful,85,2023-11-13 06:24:06,3001,Sports
Movie,Science Explorers,2,1,Science Explorers Ep. 1,Dramatic,27,2023-11-14 02:12:40,5918,Documentary
Pets,Family Bonds,1,20,Family Bonds Ep. 20,Suspenseful,40,2023-11-15 01:27:21,2854,Drama
Documentary,Galactic Battle,1,6,Galactic Battle Ep. 6,Hilarious,23,2023-11-13 22:16:52,6236,Anime
Documentary,Galactic Battle,1,14,Galactic Battle Ep. 14,Hilarious,71,2023-11-16 14:10:39,4601,Anime
Sports,Basketball Stars,2,16,Basketball Stars Ep. 16,Suspenseful,68,2023-11-14 09:08:49,1612,Sports
Anime,Love in the City,,,Love in the City,Exciting,72,2023-11-14 11:28:54,2792,Movie
News,Football Highlights,,,Football Highlights,Dramatic,117,2023-11-14 19:13:12,3717,Sports
Pets,Life's Twists,2,8,Life's Twists Ep. 8,Exciting,99,2023-11-14 23:18:37,2524,Drama
Movie,Mystery of the Lost City,,,Mystery of the Lost City,Suspenseful,72,2023-11-12 22:51:44,2682,Anime
Pets,Life's Twists,,,Life's Twists,Dramatic,27,2023-11-12 18:48:23,6785,Drama
Pets,Love in the City,2,2,Love in the City Ep. 2,Hilarious,86,2023-11-11 23:42:37,6706,Movie
Drama,Science Explorers,1,18,Science Explorers Ep. 18,Romantic,97,2023-11-14 00:24:48,6789,Documentary
Drama,Family Bonds,,,Family Bonds,Dramatic,69,2023-11-13 22:59:45,8957,Drama
Anime,History Unveiled,,,History Unveiled,Suspenseful,27,2023-11-11 05:42:53,4452,Documentary
Drama,Health Today,,,Health Today,Hilarious,92,2023-11-13 23:07:49,736,News
Drama,Olympic Heroes,2,6,Olympic Heroes Ep. 6,Exciting,61,2023-11-14 10:02:59,1078,Sports
Movie,Animal Friends,4,10,Animal Friends Ep. 10,Suspenseful,96,2023-11-15 11:54:19,6866,Pets
News,Life's Twists,4,2,Life's Twists Ep. 2,Exciting,112,2023-11-16 16:22:52,1709,Drama
Anime,Mystery of the Lost City,,,Mystery of the Lost City,Romantic,26,2023-11-16 05:16:32,4739,Anime
Drama,Football Highlights,,,Football Highlights,Dramatic,107,2023-11-11 08:52:35,333,Sports
News,Wildlife Encounters,1,19,Wildlife Encounters Ep. 19,Hilarious,117,2023-11-12 09:13:10,3394,Pets
News,Galactic Battle,1,20,Galactic Battle Ep. 20,Hilarious,75,2023-11-13 22:20:07,6373,Anime
Documentary,Mystery of the Lost City,3,8,Mystery of the Lost City Ep. 8,Dramatic,117,2023-11-14 18:07:38,6438,Anime
Movie,Corporate Games,,,Corporate Games,Exciting,74,2023-11-13 17:08:17,6554,Drama
Anime,Health Today,,,Health Today,Romantic,120,2023-11-14 03:00:14,5625,News
Pets,Love in the City,,,Love in the City,Dramatic,102,2023-11-11 15:06:03,6013,Movie
Documentary,Wonders of Nature,1,14,Wonders of Nature Ep. 14,Hilarious,30,2023-11-14 03:56:51,150,Documentary
Anime,Animal Friends,3,7,Animal Friends Ep. 7,Romantic,100,2023-11-12 22:38:50,684,Pets
Sports,Galactic Battle,1,9,Galactic Battle Ep. 9,Romantic,52,2023-11-12 16:33:11,3166,Anime
News,Health Today,5,5,Health Today Ep. 5,Hilarious,27,2023-11-11 17:08:48,6305,News
Anime,Animal Friends,,,Animal Friends,Suspenseful,91,2023-11-13 19:57:29,2710,Pets
Sports,Cute Pets on Parade,5,1,Cute Pets on Parade Ep. 1,Dramatic,67,2023-11-11 15:56:28,958,Pets
News,Family Bonds,2,7,Family Bonds Ep. 7,Romantic,67,2023-11-13 16:27:04,6912,Drama
Sports,Daily World News,,,Daily World News,Hilarious,68,2023-11-11 18:45:51,5162,News
Drama,Ninja Adventures,,,Ninja Adventures,Exciting,88,2023-11-10 20:42:58,871,Anime
News,Daily World News,,,Daily World News,Hilarious,64,2023-11-13 17:34:04,9664,News
Pets,Corporate Games,,,Corporate Games,Hilarious,20,2023-11-14 23:44:21,9048,Drama
Movie,Tech Update,,,Tech Update,Suspenseful,108,2023-11-12 11:42:13,8811,News
News,Basketball Stars,,,Basketball Stars,Hilarious,101,2023-11-14 05:19:17,2855,Sports
Drama,Animal Friends,4,12,Animal Friends Ep. 12,Exciting,114,2023-11-12 04:14:50,2605,Pets
Drama,Science Explorers,3,8,Science Explorers Ep. 8,Suspenseful,119,2023-11-15 22:37:54,6865,Documentary
Pets,Love in the City,,,Love in the City,Dramatic,87,2023-11-14 23:48:29,936,Movie
Drama,Wonders of Nature,2,7,Wonders of Nature Ep. 7,Suspenseful,97,2023-11-14 11:27:57,7706,Documentary
Pets,Daily World News,,,Daily World News,Romantic,83,2023-11-11 15:32:29,2505,News
Documentary,Football Highlights,2,18,Football Highlights Ep. 18,Suspenseful,63,2023-11-11 00:59:24,8359,Sports
Documentary,Galactic Battle,4,1,Galactic Battle Ep. 1,Dramatic,24,2023-11-11 17:17:56,5007,Anime
Pets,Basketball Stars,4,5,Basketball Stars Ep. 5,Romantic,35,2023-11-11 09:56:01,5408,Sports
Documentary,Basketball Stars,,,Basketball Stars,Hilarious,60,2023-11-12 05:51:04,3737,Sports
Movie,History Unveiled,5,7,History Unveiled Ep. 7,Exciting,117,2023-11-12 18:25:06,685,Documentary
Anime,Ninja Adventures,,,Ninja Adventures,Hilarious,117,2023-11-13 00:23:25,5350,Anime
Documentary,Galactic Battle,,,Galactic Battle,Romantic,77,2023-11-11 14:57:52,7808,Anime
Drama,Galactic Battle,,,Galactic Battle,Exciting,37,2023-11-12 11:45:54,350,Anime
Movie,Health Today,,,Health Today,Suspenseful,32,2023-11-16 00:55:45,3555,News
Anime,Family Bonds,,,Family Bonds,Exciting,99,2023-11-13 18:09:33,3813,Drama
Drama,Tech Update,2,3,Tech Update Ep. 3,Hilarious,55,2023-11-14 21:10:27,2089,News
Sports,Mystery of the Lost City,1,12,Mystery of the Lost City Ep. 12,Dramatic,111,2023-11-11 14:05:28,419,Anime
Movie,Wonders of Nature,,,Wonders of Nature,Dramatic,66,2023-11-11 10:39:29,6852,Documentary
Pets,Life's Twists,3,11,Life's Twists Ep. 11,Dramatic,102,2023-11-15 09:35:51,4964,Drama
Anime,Science Explorers,1,9,Science Explorers Ep. 9,Hilarious,55,2023-11-16 01:28:17,2512,Documentary
News,The Secret Agent,4,20,The Secret Agent Ep. 20,Suspenseful,83,2023-11-12 03:11:17,900,Movie
News,Olympic Heroes,5,5,Olympic Heroes Ep. 5,Hilarious,119,2023-11-11 23:48:56,3944,Sports
Documentary,Cute Pets on Parade,5,12,Cute Pets on Parade Ep. 12,Exciting,89,2023-11-15 01:25:04,7715,Pets
News,Galactic Battle,,,Galactic Battle,Exciting,60,2023-11-15 12:03:45,9387,Anime
Movie,Galactic Battle,,,Galactic Battle,Hilarious,84,2023-11-16 12:22:35,7888,Anime
Pets,Animal Friends,3,16,Animal Friends Ep. 16,Hilarious,52,2023-11-11 22:50:37,1333,Pets
Sports,Life's Twists,4,9,Life's Twists Ep. 9,Romantic,57,2023-11-13 20:16:01,2693,Drama
News,Galactic Battle,,,Galactic Battle,Dramatic,26,2023-11-12 13:21:03,7257,Anime
Sports,Wildlife Encounters,5,15,Wildlife Encounters Ep. 15,Dramatic,108,2023-11-12 01:01:12,7877,Pets
News,The Secret Agent,4,12,The Secret Agent Ep. 12,Romantic,75,2023-11-13 03:39:03,4667,Movie
Pets,Science Explorers,,,Science Explorers,Dramatic,88,2023-11-12 01:01:30,2307,Documentary
Documentary,Animal Friends,,,Animal Friends,Hilarious,87,2023-11-16 00:05:51,2569,Pets
News,Mystery of the Lost City,3,6,Mystery of the Lost City Ep. 6,Romantic,50,2023-11-12 21:35:57,2080,Anime
Pets,History Unveiled,,,History Unveiled,Dramatic,84,2023-11-12 16:09:48,5506,Documentary
Pets,Basketball Stars,4,11,Basketball Stars Ep. 11,Hilarious,97,2023-11-12 22:37:59,9932,Sports
Movie,Wildlife Encounters,2,10,Wildlife Encounters Ep. 10,Hilarious,94,2023-11-11 21:52:25,9876,Pets
Documentary,Wildlife Encounters,,,Wildlife Encounters,Suspenseful,45,2023-11-11 13:29:50,8275,Pets
Anime,Family Bonds,,,Family Bonds,Suspenseful,58,2023-11-14 21:35:29,6783,Drama
Sports,Tech Update,2,1,Tech Update Ep. 1,Suspenseful,61,2023-11-12 16:34:25,6553,News
Movie,Health Today,3,17,Health Today Ep. 17,Romantic,110,2023-11-11 03:39:55,2051,News
Documentary,Life's Twists,,,Life's Twists,Hilarious,31,2023-11-15 03:17:17,6895,Drama
Movie,Ninja Adventures,,,Ninja Adventures,Dramatic,29,2023-11-14 08:21:27,1689,Anime
Anime,Love in the City,,,Love in the City,Suspenseful,96,2023-11-15 10:11:29,7285,Movie
Anime,The Secret Agent,1,12,The Secret Agent Ep. 12,Hilarious,112,2023-11-11 14:53:14,6515,Movie
Sports,Olympic Heroes,4,15,Olympic Heroes Ep. 15,Exciting,69,2023-11-16 03:17:31,2074,Sports
Anime,History Unveiled,,,History Unveiled,Hilarious,120,2023-11-12 18:03:48,4313,Documentary
Documentary,Wildlife Encounters,,,Wildlife Encounters,Hilarious,73,2023-11-12 20:27:00,4435,Pets
News,Animal Friends,,,Animal Friends,Hilarious,90,2023-11-15 20:35:52,1974,Pets
Movie,Ninja Adventures,4,8,Ninja Adventures Ep. 8,Exciting,35,2023-11-10 23:33:48,3521,Anime
Movie,Tech Update,,,Tech Update,Suspenseful,95,2023-11-10 22:20:07,1245,News
Drama,Love in the City,,,Love in the City,Exciting,51,2023-11-14 17:18:41,623,Movie
Pets,Life's Twists,,,Life's Twists,Suspenseful,76,2023-11-13 21:49:29,9889,Drama
Sports,Mystery of the Lost City,2,10,Mystery of the Lost City Ep. 10,Suspenseful,67,2023-11-15 11:17:22,1747,Anime
Movie,Basketball Stars,,,Basketball Stars,Romantic,119,2023-11-14 23:59:52,1832,Sports
Anime,Animal Friends,2,4,Animal Friends Ep. 4,Suspenseful,58,2023-11-11 21:36:34,221,Pets
Documentary,Football Highlights,1,3,Football Highlights Ep. 3,Exciting,50,2023-11-15 02:59:54,9900,Sports
Anime,Cute Pets on Parade,4,5,Cute Pets on Parade Ep. 5,Hilarious,90,2023-11-14 22:37:19,1150,Pets
Documentary,Tech Update,,,Tech Update,Exciting,51,2023-11-13 15:16:02,6911,News
News,Mystery of the Lost City,,,Mystery of the Lost City,Suspenseful,32,2023-11-15 07:27:57,8144,Anime
Movie,Health Today,,,Health Today,Suspenseful,102,2023-11-14 00:31:35,9315,News
Anime,Animal Friends,,,Animal Friends,Exciting,25,2023-11-16 12:46:24,3919,Pets
Sports,Wildlife Encounters,,,Wildlife Encounters,Suspenseful,102,2023-11-15 00:21:23,2837,Pets
Pets,Ninja Adventures,,,Ninja Adventures,Dramatic,41,2023-11-14 03:16:05,6349,Anime
Movie,Science Explorers,5,4,Science Explorers Ep. 4,Exciting,91,2023-11-11 01:41:50,3766,Documentary
Documentary,Love in the City,1,13,Love in the City Ep. 13,Dramatic,83,2023-11-12 04:32:58,7869,Movie
Pets,Wildlife Encounters,,,Wildlife Encounters,Suspenseful,30,2023-11-12 15:36:00,520,Pets
Anime,Mystery of the Lost City,2,15,Mystery of the Lost City Ep. 15,Suspenseful,92,2023-11-15 10:36:06,7320,Anime
News,Animal Friends,,,Animal Friends,Hilarious,114,2023-11-12 04:34:17,5197,Pets
Documentary,Love in the City,3,10,Love in the City Ep. 10,Suspenseful,23,2023-11-11 20:14:40,7886,Movie
News,Basketball Stars,4,7,Basketball Stars Ep. 7,Romantic,45,2023-11-12 19:43:28,684,Sports
News,Tech Update,,,Tech Update,Romantic,72,2023-11-14 15:06:58,7907,News
Movie,Animal Friends,,,Animal Friends,Exciting,108,2023-11-11 08:27:27,1616,Pets
Pets,Football Highlights,,,Football Highlights,Romantic,104,2023-11-13 15:28:58,573,Sports
Drama,Olympic Heroes,4,20,Olympic Heroes Ep. 20,Hilarious,44,2023-11-14 02:53:48,8554,Sports
Sports,Health Today,,,Health Today,Romantic,100,2023-11-13 13:21:20,4583,News
News,History Unveiled,4,8,History Unveiled Ep. 8,Hilarious,34,2023-11-10 21:19:27,3129,Documentary
Drama,Olympic Heroes,,,Olympic Heroes,Dramatic,70,2023-11-15 20:25:42,7530,Sports
Movie,Life's Twists,,,Life's Twists,Dramatic,59,2023-11-16 12:55:14,156,Drama
Drama,Basketball Stars,,,Basketball Stars,Hilarious,99,2023-11-14 13:38:09,1466,Sports
Pets,Football Highlights,5,8,Football Highlights Ep. 8,Suspenseful,35,2023-11-15 01:51:24,9552,Sports
Documentary,Galactic Battle,2,10,Galactic Battle Ep. 10,Romantic,37,2023-11-16 17:19:28,4291,Anime
Documentary,Mystery of the Lost City,,,Mystery of the Lost City,Exciting,120,2023-11-12 02:03:51,7735,Anime
Sports,Animal Friends,4,3,Animal Friends Ep. 3,Hilarious,57,2023-11-16 15:49:15,8668,Pets
News,Family Bonds,1,9,Family Bonds Ep. 9,Exciting,93,2023-11-14 21:08:23,9760,Drama
Documentary,Football Highlights,2,9,Football Highlights Ep. 9,Hilarious,79,2023-11-14 21:14:30,8657,Sports
Drama,Football Highlights,5,18,Football Highlights Ep. 18,Suspenseful,45,2023-11-11 16:47:26,1475,Sports
Pets,Health Today,4,20,Health Today Ep. 20,Suspenseful,110,2023-11-11 18:34:03,4837,News
Drama,Family Bonds,,,Family Bonds,Hilarious,80,2023-11-16 01:59:40,1164,Drama
News,Olympic Heroes,,,Olympic Heroes,Suspenseful,79,2023-11-11 10:53:51,4879,Sports
Pets,History Unveiled,2,10,History Unveiled Ep. 10,Dramatic,31,2023-11-12 02:29:30,3419,Documentary
Pets,Wildlife Encounters,5,5,Wildlife Encounters Ep. 5,Romantic,21,2023-11-13 22:56:08,5080,Pets
Sports,Family Bonds,,,Family Bonds,Dramatic,76,2023-11-13 05:33:06,6617,Drama
Sports,Life's Twists,2,17,Life's Twists Ep. 17,Hilarious,73,2023-11-14 14:31:58,7001,Drama
Sports,Daily World News,,,Daily World News,Romantic,32,2023-11-12 14:14:31,8836,News
Drama,The Great Escape,1,2,The Great Escape Ep. 2,Exciting,103,2023-11-15 06:52:47,3368,Movie
Documentary,Mystery of the Lost City,,,Mystery of the Lost City,Suspenseful,63,2023-11-14 08:44:02,1561,Anime
Anime,Mystery of the Lost City,,,Mystery of the Lost City,Suspenseful,85,2023-11-13 23:58:05,526,Anime
Movie,Football Highlights,,,Football Highlights,Exciting,111,2023-11-16 02:58:44,8969,Sports
News,Olympic Heroes,2,6,Olympic Heroes Ep. 6,Suspenseful,96,2023-11-15 04:58:00,7467,Sports
Movie,Cute Pets on Parade,,,Cute Pets on Parade,Dramatic,89,2023-11-10 22:24:34,3067,Pets
Pets,Mystery of the Lost City,,,Mystery of the Lost City,Dramatic,68,2023-11-15 00:19:21,2623,Anime
Anime,Mystery of the Lost City,3,11,Mystery of the Lost City Ep. 11,Hilarious,92,2023-11-16 06:34:36,330,Anime
News,Life's Twists,4,12,Life's Twists Ep. 12,Dramatic,104,2023-11-11 00:14:07,6422,Drama
Sports,Love in the City,,,Love in the City,Suspenseful,78,2023-11-12 07:13:20,9905,Movie
News,Animal Friends,3,6,Animal Friends Ep. 6,Romantic,74,2023-11-14 20:55:19,6302,Pets
Anime,Wildlife Encounters,2,4,Wildlife Encounters Ep. 4,Suspenseful,23,2023-11-13 00:18:50,443,Pets
Drama,Animal Friends,,,Animal Friends,Dramatic,36,2023-11-14 18:06:56,9796,Pets
News,Family Bonds,2,7,Family Bonds Ep. 7,Suspenseful,48,2023-11-14 20:19:14,9247,Drama
News,Life's Twists,,,Life's Twists,Romantic,34,2023-11-14 20:45:18,5625,Drama
News,Wildlife Encounters,1,19,Wildlife Encounters Ep. 19,Dramatic,67,2023-11-11 15:59:51,8023,Pets
Drama,The Great Escape,1,15,The Great Escape Ep. 15,Hilarious,112,2023-11-15 18:33:42,9199,Movie
Movie,Olympic Heroes,,,Olympic Heroes,Exciting,51,2023-11-14 12:25:19,6629,Sports
Movie,Mystery of the Lost City,3,10,Mystery of the Lost City Ep. 10,Hilarious,26,2023-11-13 20:29:03,7440,Anime
Documentary,Tech Update,,,Tech Update,Suspenseful,29,2023-11-12 00:27:45,5843,News
Anime,Olympic Heroes,4,18,Olympic Heroes Ep. 18,Dramatic,26,2023-11-15 01:20:26,778,Sports
Sports,Tech Update,,,Tech Update,Exciting,38,2023-11-15 06:03:39,3761,News
Movie,Corporate Games,1,9,Corporate Games Ep. 9,Exciting,28,2023-11-14 19:06:08,8525,Drama
Documentary,History Unveiled,4,20,History Unveiled Ep. 20,Exciting,87,2023-11-11 02:13:59,6231,Documentary
Drama,The Great Escape,,,The Great Escape,Exciting,119,2023-11-11 14:19:13,4439,Movie
Sports,Cute Pets on Parade,2,1,Cute Pets on Parade Ep. 1,Romantic,51,2023-11-10 20:09:27,3606,Pets
Pets,Health Today,2,8,Health Today Ep. 8,Hilarious,119,2023-11-16 16:39:36,1922,News
Sports,Life's Twists,5,4,Life's Twists Ep. 4,Exciting,75,2023-11-12 11:19:19,4694,Drama
Documentary,Galactic Battle,3,10,Galactic Battle Ep. 10,Dramatic,33,2023-11-12 06:51:04,9395,Anime
Pets,The Great Escape,,,The Great Escape,Romantic,90,2023-11-11 00:41:25,3972,Movie
Documentary,Galactic Battle,4,15,Galactic Battle Ep. 15,Hilarious,60,2023-11-11 08:31:54,1166,Anime
Anime,Mystery of the Lost City,,,Mystery of the Lost City,Romantic,116,2023-11-13 16:21:30,7724,Anime
News,The Secret Agent,,,The Secret Agent,Dramatic,110,2023-11-11 14:56:25,7184,Movie
Anime,Tech Update,,,Tech Update,Hilarious,21,2023-11-12 17:42:48,2654,News
News,Football Highlights,4,1,Football Highlights Ep. 1,Romantic,68,2023-11-16 13:48:52,9072,Sports
Movie,Football Highlights,3,14,Football Highlights Ep. 14,Dramatic,33,2023-11-16 11:50:35,1006,Sports
Drama,Mystery of the Lost City,,,Mystery of the Lost City,Romantic,105,2023-11-12 14:29:56,787,Anime
Movie,Basketball Stars,,,Basketball Stars,Hilarious,85,2023-11-13 19:04:03,6613,Sports
Anime,History Unveiled,,,History Unveiled,Exciting,62,2023-11-13 20:09:07,6062,Documentary
Anime,Health Today,,,Health Today,Dramatic,28,2023-11-14 10:24:09,2580,News
Anime,History Unveiled,,,History Unveiled,Hilarious,88,2023-11-16 08:53:48,7522,Documentary
Sports,Football Highlights,,,Football Highlights,Hilarious,98,2023-11-11 17:54:30,4796,Sports
News,Daily World News,4,7,Daily World News Ep. 7,Suspenseful,63,2023-11-11 15:59:14,8672,News
Drama,Olympic Heroes,1,5,Olympic Heroes Ep. 5,Exciting,83,2023-11-15 02:49:58,4489,Sports
Pets,Family Bonds,5,15,Family Bonds Ep. 15,Suspenseful,91,2023-11-11 19:57:15,4279,Drama
Drama,Wildlife Encounters,,,Wildlife Encounters,Dramatic,21,2023-11-16 02:06:46,3275,Pets
Documentary,Corporate Games,3,4,Corporate Games Ep. 4,Exciting,101,2023-11-14 07:05:24,422,Drama
Anime,Football Highlights,5,20,Football Highlights Ep. 20,Suspenseful,25,2023-11-13 09:54:24,6271,Sports
Documentary,Mystery of the Lost City,4,13,Mystery of the Lost City Ep. 13,Exciting,97,2023-11-11 11:13:01,6636,Anime
News,Football Highlights,,,Football Highlights,Exciting,93,2023-11-11 07:21:59,1020,Sports
Pets,Basketball Stars,,,Basketball Stars,Hilarious,82,2023-11-15 05:30:10,8647,Sports
Sports,Cute Pets on Parade,2,15,Cute Pets on Parade Ep. 15,Hilarious,55,2023-11-12 03:33:52,7907,Pets
Sports,Football Highlights,3,1,Football Highlights Ep. 1,Exciting,101,2023-11-10 21:27:58,3837,Sports
Anime,Health Today,2,18,Health Today Ep. 18,Romantic,39,2023-11-12 15:46:02,2021,News
News,History Unveiled,,,History Unveiled,Exciting,116,2023-11-14 17:02:45,7552,Documentary
Anime,Wildlife Encounters,4,12,Wildlife Encounters Ep. 12,Exciting,51,2023-11-14 19:30:38,6312,Pets
News,Galactic Battle,,,Galactic Battle,Dramatic,78,2023-11-12 19:14:41,1253,Anime
Anime,The Secret Agent,4,17,The Secret Agent Ep. 17,Suspenseful,74,2023-11-11 13:57:11,8323,Movie
News,Galactic Battle,4,5,Galactic Battle Ep. 5,Exciting,65,2023-11-14 22:34:00,6203,Anime
Anime,Life's Twists,1,4,Life's Twists Ep. 4,Hilarious,28,2023-11-11 04:34:27,5349,Drama
News,Daily World News,5,9,Daily World News Ep. 9,Hilarious,40,2023-11-12 15:30:44,3984,News
Drama,The Great Escape,,,The Great Escape,Suspenseful,66,2023-11-12 12:13:30,6691,Movie
Pets,Love in the City,,,Love in the City,Exciting,54,2023-11-13 23:03:07,2872,Movie
Movie,Life's Twists,1,15,Life's Twists Ep. 15,Hilarious,94,2023-11-15 20:17:56,8044,Drama
Pets,The Secret Agent,2,12,The Secret Agent Ep. 12,Hilarious,103,2023-11-12 11:06:37,6715,Movie
News,Wildlife Encounters,2,20,Wildlife Encounters Ep. 20,Dramatic,103,2023-11-15 01:52:58,7627,Pets
Drama,Family Bonds,3,6,Family Bonds Ep. 6,Suspenseful,48,2023-11-15 00:47:23,8003,Drama
Documentary,Tech Update,4,1,Tech Update Ep. 1,Romantic,33,2023-11-10 19:42:32,6783,News
Pets,Wildlife Encounters,,,Wildlife Encounters,Exciting,78,2023-11-16 10:28:25,4085,Pets
Sports,Animal Friends,1,7,Animal Friends Ep. 7,Suspenseful,104,2023-11-14 01:35:53,6459,Pets
Sports,Health Today,,,Health Today,Hilarious,84,2023-11-11 08:19:03,220,News
Drama,Cute Pets on Parade,5,7,Cute Pets on Parade Ep. 7,Dramatic,84,2023-11-15 11:52:39,8276,Pets
Anime,The Secret Agent,2,20,The Secret Agent Ep. 20,Hilarious,70,2023-11-13 17:23:44,9151,Movie
Sports,Ninja Adventures,,,Ninja Adventures,Dramatic,70,2023-11-12 01:46:55,207,Anime
Pets,The Secret Agent,3,1,The Secret Agent Ep. 1,Suspenseful,76,2023-11-13 10:29:03,6536,Movie
Sports,Mystery of the Lost City,4,10,Mystery of the Lost City Ep. 10,Suspenseful,52,2023-11-12 13:53:14,3390,Anime
Drama,The Secret Agent,5,14,The Secret Agent Ep. 14,Dramatic,84,2023-11-14 19:02:22,7533,Movie
Drama,Football Highlights,,,Football Highlights,Romantic,74,2023-11-15 20:47:53,2668,Sports
Movie,The Secret Agent,1,11,The Secret Agent Ep. 11,Romantic,38,2023-11-15 08:14:33,9706,Movie
Movie,Football Highlights,,,Football Highlights,Dramatic,104,2023-11-13 23:18:41,7810,Sports
Sports,The Great Escape,5,14,The Great Escape Ep. 14,Hilarious,76,2023-11-15 20:47:03,4106,Movie
Anime,Health Today,5,7,Health Today Ep. 7,Romantic,29,2023-11-11 02:22:30,7779,News
Documentary,Ninja Adventures,3,20,Ninja Adventures Ep. 20,Dramatic,34,2023-11-15 05:04:14,5194,Anime
Drama,Mystery of the Lost City,2,10,Mystery of the Lost City Ep. 10,Romantic,27,2023-11-13 06:31:04,9004,Anime
Movie,Cute Pets on Parade,4,7,Cute Pets on Parade Ep. 7,Suspenseful,93,2023-11-15 03:39:00,2895,Pets
Drama,The Secret Agent,,,The Secret Agent,Romantic,78,2023-11-12 13:20:07,9711,Movie
Sports,Ninja Adventures,3,15,Ninja Adventures Ep. 15,Exciting,70,2023-11-16 14:33:43,2758,Anime
Drama,Animal Friends,,,Animal Friends,Hilarious,61,2023-11-13 21:58:45,2817,Pets
Pets,Health Today,,,Health Today,Exciting,49,2023-11-14 03:32:28,8944,News
Sports,Health Today,5,3,Health Today Ep. 3,Hilarious,56,2023-11-10 23:40:18,7312,News
Pets,Galactic Battle,3,12,Galactic Battle Ep. 12,Exciting,72,2023-11-11 08:46:11,3297,Anime
Pets,Tech Update,4,7,Tech Update Ep. 7,Exciting,72,2023-11-12 23:29:30,8770,News
Documentary,Mystery of the Lost City,3,2,Mystery of the Lost City Ep. 2,Hilarious,39,2023-11-12 21:08:52,5452,Anime
Movie,Life's Twists,4,11,Life's Twists Ep. 11,Exciting,108,2023-11-10 18:54:25,5065,Drama
News,The Great Escape,3,2,The Great Escape Ep. 2,Hilarious,74,2023-11-16 10:24:32,7174,Movie
Drama,The Secret Agent,4,2,The Secret Agent Ep. 2,Exciting,24,2023-11-11 22:05:34,3712,Movie
Drama,Basketball Stars,,,Basketball Stars,Dramatic,90,2023-11-12 02:22:58,4261,Sports
Movie,Daily World News,3,11,Daily World News Ep. 11,Suspenseful,55,2023-11-10 23:56:17,1316,News
Documentary,Corporate Games,,,Corporate Games,Hilarious,34,2023-11-15 20:34:06,4942,Drama
Drama,Animal Friends,3,14,Animal Friends Ep. 14,Exciting,42,2023-11-14 13:04:57,7593,Pets
Anime,History Unveiled,,,History Unveiled,Dramatic,32,2023-11-15 06:49:12,8506,Documentary
Documentary,Health Today,3,1,Health Today Ep. 1,Romantic,104,2023-11-15 17:41:59,2088,News
News,Football Highlights,,,Football Highlights,Romantic,31,2023-11-14 22:41:23,6060,Sports
News,Daily World News,,,Daily World News,Hilarious,74,2023-11-15 03:37:12,4648,News
Anime,Corporate Games,5,20,Corporate Games Ep. 20,Suspenseful,68,2023-11-12 11:02:32,2628,Drama
Anime,Galactic Battle,2,12,Galactic Battle Ep. 12,Suspenseful,120,2023-11-12 09:01:55,5023,Anime
Sports,Family Bonds,4,11,Family Bonds Ep. 11,Exciting,25,2023-11-13 09:21:59,4489,Drama
Sports,Family Bonds,,,Family Bonds,Dramatic,86,2023-11-13 15:13:34,8059,Drama
News,Tech Update,2,1,Tech Update Ep. 1,Romantic,67,2023-11-11 14:54:09,5580,News
Movie,Tech Update,,,Tech Update,Suspenseful,40,2023-11-12 09:02:18,5567,News
Documentary,Family Bonds,3,15,Family Bonds Ep. 15,Exciting,71,2023-11-12 16:19:34,8823,Drama
Anime,Olympic Heroes,,,Olympic Heroes,Exciting,66,2023-11-11 00:54:32,9525,Sports
Anime,Love in the City,,,Love in the City,Dramatic,102,2023-11-14 04:39:25,8744,Movie
Pets,History Unveiled,2,15,History Unveiled Ep. 15,Suspenseful,60,2023-11-12 08:13:05,6152,Documentary
Sports,Health Today,4,8,Health Today Ep. 8,Exciting,58,2023-11-13 10:46:36,6187,News
Documentary,Daily World News,3,6,Daily World News Ep. 6,Exciting,21,2023-11-16 03:31:46,3122,News
News,Love in the City,3,15,Love in the City Ep. 15,Exciting,105,2023-11-16 14:56:52,1931,Movie
Anime,Family Bonds,3,1,Family Bonds Ep. 1,Dramatic,27,2023-11-11 09:39:38,4906,Drama
Pets,Wonders of Nature,5,15,Wonders of Nature Ep. 15,Hilarious,109,2023-11-12 16:52:18,6790,Documentary
Pets,Wildlife Encounters,,,Wildlife Encounters,Hilarious,88,2023-11-12 21:26:36,1066,Pets
Documentary,Corporate Games,5,16,Corporate Games Ep. 16,Romantic,105,2023-11-15 02:20:28,8407,Drama
Drama,History Unveiled,1,11,History Unveiled Ep. 11,Romantic,83,2023-11-16 09:21:21,6665,Documentary
Movie,Love in the City,,,Love in the City,Dramatic,106,2023-11-16 08:29:15,8288,Movie
Anime,Wonders of Nature,,,Wonders of Nature,Romantic,98,2023-11-11 11:03:48,6957,Documentary
News,Basketball Stars,4,3,Basketball Stars Ep. 3,Exciting,29,2023-11-15 07:59:57,1564,Sports
Anime,The Great Escape,4,4,The Great Escape Ep. 4,Hilarious,40,2023-11-13 08:52:17,2358,Movie
Movie,Ninja Adventures,1,19,Ninja Adventures Ep. 19,Suspenseful,56,2023-11-12 01:34:27,9594,Anime
Movie,Health Today,3,15,Health Today Ep. 15,Hilarious,30,2023-11-14 05:16:37,9279,News
Sports,Basketball Stars,,,Basketball Stars,Exciting,36,2023-11-15 04:33:46,3590,Sports
Movie,Ninja Adventures,,,Ninja Adventures,Romantic,78,2023-11-13 08:29:27,4126,Anime
Sports,Animal Friends,1,12,Animal Friends Ep. 12,Hilarious,27,2023-11-15 10:50:32,6828,Pets
Sports,Ninja Adventures,,,Ninja Adventures,Romantic,40,2023-11-15 06:44:26,5847,Anime
Movie,Olympic Heroes,3,20,Olympic Heroes Ep. 20,Suspenseful,40,2023-11-14 04:20:39,633,Sports
Sports,Mystery of the Lost City,,,Mystery of the Lost City,Hilarious,38,2023-11-15 14:25:14,8406,Anime
Sports,Wonders of Nature,,,Wonders of Nature,Suspenseful,63,2023-11-16 03:04:06,7700,Documentary
Documentary,Football Highlights,,,Football Highlights,Romantic,79,2023-11-12 05:55:58,7883,Sports
Documentary,History Unveiled,,,History Unveiled,Exciting,87,2023-11-14 14:48:54,8697,Documentary
Documentary,Cute Pets on Parade,,,Cute Pets on Parade,Dramatic,56,2023-11-13 20:38:03,471,Pets
Sports,Corporate Games,,,Corporate Games,Suspenseful,83,2023-11-11 07:08:59,1707,Drama
Movie,Love in the City,1,13,Love in the City Ep. 13,Dramatic,116,2023-11-13 23:51:46,4057,Movie
Anime,Football Highlights,1,20,Football Highlights Ep. 20,Hilarious,64,2023-11-15 13:46:26,6377,Sports
Documentary,Olympic Heroes,5,19,Olympic Heroes Ep. 19,Hilarious,90,2023-11-15 00:44:11,2645,Sports
News,Health Today,,,Health Today,Dramatic,107,2023-11-11 09:06:51,4629,News
Pets,Love in the City,1,13,Love in the City Ep. 13,Hilarious,69,2023-11-15 09:29:34,8674,Movie
Drama,The Secret Agent,,,The Secret Agent,Hilarious,84,2023-11-13 12:47:02,3276,Movie
Movie,Tech Update,,,Tech Update,Romantic,78,2023-11-11 17:14:14,5892,News
Documentary,History Unveiled,,,History Unveiled,Exciting,93,2023-11-16 12:27:04,6498,Documentary
Documentary,Galactic Battle,1,4,Galactic Battle Ep. 4,Exciting,51,2023-11-14 02:22:51,3794,Anime
Anime,Family Bonds,,,Family Bonds,Romantic,78,2023-11-16 05:16:36,6356,Drama
Anime,Life's Twists,,,Life's Twists,Romantic,120,2023-11-12 05:38:28,9891,Drama
Movie,Galactic Battle,3,17,Galactic Battle Ep. 17,Hilarious,94,2023-11-12 05:27:38,613,Anime
Drama,The Great Escape,3,8,The Great Escape Ep. 8,Suspenseful,111,2023-11-12 15:30:43,6638,Movie
Pets,The Secret Agent,,,The Secret Agent,Suspenseful,38,2023-11-10 23:21:21,8661,Movie
Drama,Animal Friends,,,Animal Friends,Exciting,31,2023-11-11 18:36:45,5881,Pets
Sports,Football Highlights,,,Football Highlights,Suspenseful,78,2023-11-11 19:11:14,5615,Sports
Sports,Basketball Stars,,,Basketball Stars,Hilarious,45,2023-11-11 11:22:33,4338,Sports
News,Galactic Battle,1,1,Galactic Battle Ep. 1,Dramatic,75,2023-11-13 00:32:35,4839,Anime
Pets,Daily World News,,,Daily World News,Exciting,112,2023-11-12 14:13:02,260,News
Drama,Mystery of the Lost City,4,3,Mystery of the Lost City Ep. 3,Romantic,68,2023-11-11 15:20:39,5202,Anime
News,Corporate Games,,,Corporate Games,Hilarious,24,2023-11-11 04:43:06,6449,Drama
Movie,Olympic Heroes,,,Olympic Heroes,Dramatic,110,2023-11-14 05:52:47,5266,Sports
Anime,Ninja Adventures,,,Ninja Adventures,Exciting,36,2023-11-14 22:30:23,9941,Anime
Sports,Life's Twists,,,Life's Twists,Hilarious,55,2023-11-14 15:44:58,5783,Drama
Documentary,Tech Update,2,10,Tech Update Ep. 10,Hilarious,69,2023-11-15 13:07:00,4516,News
Anime,Love in the City,,,Love in the City,Exciting,28,2023-11-13 14:54:55,2794,Movie
Drama,The Great Escape,,,The Great Escape,Suspenseful,110,2023-11-12 12:00:45,2928,Movie
Pets,Wonders of Nature,2,14,Wonders of Nature Ep. 14,Suspenseful,24,2023-11-11 03:33:44,3251,Documentary
Movie,The Great Escape,4,2,The Great Escape Ep. 2,Exciting,68,2023-11-11 14:02:16,5163,Movie
Pets,Football Highlights,5,8,Football Highlights Ep. 8,Hilarious,116,2023-11-12 19:30:36,972,Sports
Movie,Love in the City,2,16,Love in the City Ep. 16,Romantic,107,2023-11-13 05:09:36,1475,Movie
Movie,Basketball Stars,,,Basketball Stars,Hilarious,66,2023-11-12 12:41:28,6335,Sports
Pets,The Great Escape,1,1,The Great Escape Ep. 1,Suspenseful,35,2023-11-11 10:31:01,3186,Movie
Anime,The Great Escape,3,20,The Great Escape Ep. 20,Romantic,76,2023-11-11 17:07:02,5067,Movie
Movie,Corporate Games,5,16,Corporate Games Ep. 16,Hilarious,42,2023-11-15 01:35:41,8601,Drama
Pets,Wonders of Nature,,,Wonders of Nature,Hilarious,106,2023-11-15 04:53:10,792,Documentary
Anime,History Unveiled,,,History Unveiled,Suspenseful,45,2023-11-16 04:31:32,6523,Documentary
Drama,Family Bonds,,,Family Bonds,Hilarious,120,2023-11-14 22:48:03,3062,Drama
News,Family Bonds,,,Family Bonds,Suspenseful,88,2023-11-12 01:22:59,1571,Drama
Documentary,Galactic Battle,,,Galactic Battle,Hilarious,59,2023-11-11 01:20:20,7957,Anime
News,Corporate Games,3,12,Corporate Games Ep. 12,Exciting,103,2023-11-12 20:28:28,4947,Drama
Anime,Cute Pets on Parade,,,Cute Pets on Parade,Romantic,98,2023-11-12 01:40:16,1545,Pets
Movie,Basketball Stars,,,Basketball Stars,Dramatic,95,2023-11-11 12:11:53,3487,Sports
Pets,Animal Friends,,,Animal Friends,Romantic,52,2023-11-15 14:27:10,9210,Pets
Sports,Galactic Battle,2,3,Galactic Battle Ep. 3,Suspenseful,42,2023-11-14 11:38:10,3394,Anime
Pets,Mystery of the Lost City,4,12,Mystery of the Lost City Ep. 12,Romantic,98,2023-11-15 03:11:24,3308,Anime
News,Health Today,5,19,Health Today Ep. 19,Hilarious,120,2023-11-12 23:36:40,5116,News
Pets,Wildlife Encounters,,,Wildlife Encounters,Exciting,58,2023-11-13 17:03:35,1353,Pets
Documentary,Science Explorers,2,7,Science Explorers Ep. 7,Romantic,60,2023-11-11 01:27:35,1038,Documentary
Movie,Wonders of Nature,,,Wonders of Nature,Dramatic,30,2023-11-12 02:42:41,3864,Documentary
Anime,Tech Update,5,3,Tech Update Ep. 3,Romantic,39,2023-11-13 11:03:41,4145,News
Anime,Life's Twists,4,19,Life's Twists Ep. 19,Hilarious,76,2023-11-13 22:01:29,6220,Drama
Drama,Family Bonds,1,1,Family Bonds Ep. 1,Exciting,119,2023-11-14 18:51:24,2262,Drama
